-- MySQL dump 10.13  Distrib 5.1.53, for suse-linux-gnu (x86_64)
--
-- Host: 192.168.0.55    Database: sa
-- ------------------------------------------------------
-- Server version	5.1.53-log

/*!40101 SET @OLD_CHARACTER_SET_CLIENT=@@CHARACTER_SET_CLIENT */;
/*!40101 SET @OLD_CHARACTER_SET_RESULTS=@@CHARACTER_SET_RESULTS */;
/*!40101 SET @OLD_COLLATION_CONNECTION=@@COLLATION_CONNECTION */;
/*!40101 SET NAMES utf8 */;
/*!40103 SET @OLD_TIME_ZONE=@@TIME_ZONE */;
/*!40103 SET TIME_ZONE='+00:00' */;
/*!40014 SET @OLD_UNIQUE_CHECKS=@@UNIQUE_CHECKS, UNIQUE_CHECKS=0 */;
/*!40014 SET @OLD_FOREIGN_KEY_CHECKS=@@FOREIGN_KEY_CHECKS, FOREIGN_KEY_CHECKS=0 */;
/*!40101 SET @OLD_SQL_MODE=@@SQL_MODE, SQL_MODE='NO_AUTO_VALUE_ON_ZERO' */;
/*!40111 SET @OLD_SQL_NOTES=@@SQL_NOTES, SQL_NOTES=0 */;

--
-- Table structure for table `videoclient_group`
--

DROP TABLE IF EXISTS `videoclient_group`;
/*!40101 SET @saved_cs_client     = @@character_set_client */;
/*!40101 SET character_set_client = utf8 */;
CREATE TABLE `videoclient_group` (
  `id` int(11) NOT NULL AUTO_INCREMENT,
  `title` varchar(32) COLLATE utf8_unicode_ci NOT NULL,
  PRIMARY KEY (`id`),
  UNIQUE KEY `title` (`title`)
) ENGINE=MyISAM AUTO_INCREMENT=3 DEFAULT CHARSET=utf8 COLLATE=utf8_unicode_ci;
/*!40101 SET character_set_client = @saved_cs_client */;

--
-- Dumping data for table `videoclient_group`
--

LOCK TABLES `videoclient_group` WRITE;
/*!40000 ALTER TABLE `videoclient_group` DISABLE KEYS */;
INSERT INTO `videoclient_group` VALUES (1,'trans'),(2,'help');
/*!40000 ALTER TABLE `videoclient_group` ENABLE KEYS */;
UNLOCK TABLES;

--
-- Table structure for table `videoclient_language`
--

DROP TABLE IF EXISTS `videoclient_language`;
/*!40101 SET @saved_cs_client     = @@character_set_client */;
/*!40101 SET character_set_client = utf8 */;
CREATE TABLE `videoclient_language` (
  `id` int(11) NOT NULL AUTO_INCREMENT,
  `name` varchar(8) COLLATE utf8_unicode_ci NOT NULL,
  `title` varchar(32) COLLATE utf8_unicode_ci NOT NULL,
  PRIMARY KEY (`id`),
  UNIQUE KEY `name` (`name`),
  UNIQUE KEY `title` (`title`)
) ENGINE=MyISAM AUTO_INCREMENT=3 DEFAULT CHARSET=utf8 COLLATE=utf8_unicode_ci;
/*!40101 SET character_set_client = @saved_cs_client */;

--
-- Dumping data for table `videoclient_language`
--

LOCK TABLES `videoclient_language` WRITE;
/*!40000 ALTER TABLE `videoclient_language` DISABLE KEYS */;
INSERT INTO `videoclient_language` VALUES (1,'ru','Russian'),(2,'en','English');
/*!40000 ALTER TABLE `videoclient_language` ENABLE KEYS */;
UNLOCK TABLES;

--
-- Table structure for table `videoclient_translation`
--

DROP TABLE IF EXISTS `videoclient_translation`;
/*!40101 SET @saved_cs_client     = @@character_set_client */;
/*!40101 SET character_set_client = utf8 */;
CREATE TABLE `videoclient_translation` (
  `id` int(11) NOT NULL AUTO_INCREMENT,
  `group_id` int(11) NOT NULL,
  `phrase` longtext COLLATE utf8_unicode_ci NOT NULL,
  `language_id` int(11) NOT NULL,
  `translate` longtext COLLATE utf8_unicode_ci NOT NULL,
  `active` tinyint(1) NOT NULL,
  PRIMARY KEY (`id`),
  KEY `videoclient_translation_bda51c3c` (`group_id`),
  KEY `videoclient_translation_7ab48146` (`language_id`)
) ENGINE=MyISAM AUTO_INCREMENT=1698 DEFAULT CHARSET=utf8 COLLATE=utf8_unicode_ci;
/*!40101 SET character_set_client = @saved_cs_client */;

--
-- Dumping data for table `videoclient_translation`
--

LOCK TABLES `videoclient_translation` WRITE;
/*!40000 ALTER TABLE `videoclient_translation` DISABLE KEYS */;
INSERT INTO `videoclient_translation` VALUES (1,2,'Просмотр',1,'View',1),(2,1,'Просмотр',2,'View',1),(3,1,'У вас отсутствует или установлена старая версия flash плеера. Новую версию плеера можно скачать',2,'You have no flash player or its older version is installed. You can download the latest version',1),(4,1,'здесь',2,'here',1),(5,1,'Экспортировать весь список?',2,'Export the whole list?',1),(6,1,'Выберите, пожалуйста, хотя бы одну фотографию персоны',2,'Please, select at least one photo of a person',1),(7,1,'Выберите, пожалуйста, хотя бы одну фотографию',2,'Please, select at least one photo',1),(8,1,'Выберите, пожалуйста, хотя бы одну камеру',2,'Please, select at least one camera',1),(9,1,'Выберите, пожалуйста, хотя бы одного пользователя',2,'Please, select at least one user',1),(10,1,'Вы должны выбрать хотя бы одну запись',2,'You must select at least one record',1),(11,1,'Выберите, пожалуйста, хотя бы одну карточку',2,'Please, select at least one card',1),(12,1,'Выберите, пожалуйста, хотя бы один ролик',2,'Please, select at least one video',1),(13,1,'Вы действительно хотите удалить выбранных персон',2,'Do you really want to delete the selected persons',1),(14,1,'шт',2,'pcs',1),(15,1,'Вы действительно хотите удалить выбранные фотографии',2,'Do you really want to delete the selected photos',1),(16,1,'Экспортировать выбранные персоны',2,'Export the selected persons',1),(17,1,'Экспортировать весь список',2,'Export the whole list',1),(18,1,'Сохранить выделенные фотографии',2,'Save the selected photos',1),(19,1,'Вы действительно хотите удалить выбранных посетителей',2,'Do you really want to delete the selected visitors',1),(20,1,'Вы действительно хотите удалить выбранных сотрудников',2,'Do you really want to delete the selected employees',1),(21,1,'Вы действительно хотите объединить выбранные фотографии',2,'Do you really want to join the selected photos',1),(22,1,'Вы действительно хотите удалить выбранных пользователей',2,'Do you really want to delete the selected users',1),(23,1,'Вы действительно хотите удалить выбранные карточки',2,'Do you really want to delete the selected cards',1),(24,1,'Вы действительно хотите удалить выбранные списки',2,'Do you really want to delete the selected lists',1),(25,1,'Вы действительно хотите удалить выбранные ролики',2,'Do you really want to delete the selected videos',1),(26,1,'Вы действительно хотите удалить базу персон',2,'Do you really want to delete the persons database',1),(27,1,'Прежде чем удалить список, удалите все входящие в него записи.',2,'Delete all the records in the list defore deleting the list itself.',1),(28,1,'Вы действительно хотите перезапустить систему',2,'Do you really want to restart the system',1),(29,1,'Вы действительно хотите перезагрузить компьютер',2,'Do you really want to reboot the computer',1),(30,1,'Очистить записи журнала',2,'Clear log records',1),(31,1,'Экспортировать выбранные фотографии',2,'Export selected photos',1),(32,1,'Нет данных для экспорта',2,'No data for export',1),(33,1,'При экспорте возникли проблемы',2,'Problems occured while exporting',1),(34,1,'Экспортировать фотографии',2,'Export photos',1),(35,1,'Возможно, не выбрана ни одна запись или выбранные персоны уже обучены.',2,'Probably, no records are selected or the selected persons have been already trained.',1),(36,1,'Выберите, пожалуйста, модель объектива',2,'Please, select a camera lens model',1),(37,1,'Внимание!',2,'Attention!',1),(38,1,'Выполнение теста может занять несколько минут',2,'Testing may take several minutes',1),(39,1,'Cохранить настройки для всех камер выбранного коммуникатора \"',2,'Save settings for all cameras of the selected communicator \"',1),(40,1,'',2,'',0),(41,1,'Загрузить сохранённые настройки камер для коммуникатора \"',2,'Download the saved camera settings for communicator \"',1),(42,1,'На странице есть несохранённые данные. Вы действительно хотите покинуть страницу',2,'The page contains unsaved data. Do you really want to leave the page',1),(43,1,'Вы действительно хотите удалить группу параметров',2,'Do you really want to delete the parameter group',1),(44,1,'Вы действительно хотите удалить параметр',2,'Do you really want to delete the parameter',1),(45,1,'Вы действительно хотите удалить модель объектива',2,'Do you really want to delete the camera lens model',1),(46,1,'Переименование группы параметров',2,'Parameter group renaming',1),(47,1,'Переименование параметра',2,'Parameter renaming',1),(48,1,'Сделать дубликат балансировщика',2,'Duplicate balancer',1),(49,1,'Сделать дубликат демона',2,'Duplicate daemon',1),(50,1,'Сделать дубликат группы',2,'Duplicate group',1),(51,1,'Сделать экспорт всех настроек управляющей системы',2,'Export all settings of the control system',1),(52,1,'Выберите, пожалуйста, хотя бы одно изображение',2,'Please, select at least one image',1),(53,1,'Удалить выделенные данные?',2,'Delete the selected data?',1),(54,1,'Введено слишком большое значение для параметра \\\"Яркость\\\"',2,'Too great value for parameter \\\"Brightness\\\" is entered',1),(55,1,'Введено слишком большое значение для параметра \\\"Резкость\\\"',2,'Too great value for parameter \\\"Sharpness\\\" is entered',1),(56,1,'Введено слишком большое значение для параметра \\\"Насыщенность\\\"',2,'Too great value for parameter \\\"Saturation\\\" is entered',1),(57,1,'Введено слишком большое значение для параметра \\\"Контраст\\\"',2,'Too great value for parameter \\\"Contrast\\\" is entered',1),(58,1,'Введено слишком большое значение для параметра \\\"Качество\\\"',2,'Too great value for parameter \\\"Quality\\\" is entered',1),(59,1,'Введённое значение для параметра \\\"Время экспозиции\\\" находится вне указанного диапазона',2,'The entered value for parameter \\\"Exposure time\\\" is out of the range',1),(60,1,'Введено слишком большое значение',2,'Too great value is entered',1),(61,1,'Введите имя персоны',2,'Enter person\'s name',1),(62,1,'Введите имя персоны, пожалуйста',2,'Please, enter person\'s name',1),(63,1,'Выберите персону из базы, пожалуйста',2,'Please, choose a person from the databse',1),(64,1,'Обучение персоны',2,'Person training',1),(65,1,'Обучение новой персоной',2,'New person training',1),(66,1,'Сохранить фотографии не удалось. Пожалуйста, попробуйте ещё раз.',2,'Can not save the photos. Please, try again.',1),(67,1,'Скачать архив с фотографиями вы можете',2,'To download the photo archive, click ',1),(68,1,'Параметры отфильтрованного списка:',2,'Filtered list parameters:',1),(69,1,'Период',2,'Period',1),(70,1,'Период с',2,'Period from',1),(71,1,'Фотографии только идентифицированных',2,'Only identified persons photos',1),(72,1,'Все фотографии',2,'All photos',1),(73,1,'Поиск',2,'Search',1),(74,1,'Поиск по подстроке',2,'Search by substring',1),(75,1,'Выбор языка',2,'Language',1),(76,1,'Выход',2,'Log out',1),(77,1,'Карта',2,'Map',1),(78,1,'Списки',2,'Lists',1),(79,1,'Сотрудники',2,'Employees',1),(80,1,'Персоны',2,'Persons',1),(81,1,'Обучение',2,'Training',1),(82,1,'Журнал',2,'Log',1),(83,1,'Настройки',2,'Settings',1),(84,1,'Мониторинг',2,'Monitoring',1),(85,1,'Карты',2,'Maps',1),(86,1,'Видеоархив',2,'Video Archive',1),(87,1,'Администрирование',2,'Administration',1),(88,1,'Помощь',2,'Help',1),(89,1,'Продукты',2,'Products',1),(90,1,'Показать всё',2,'Show All',1),(91,1,'Скрыть',2,'Hide',1),(92,2,'Просмотр',2,'View',1),(93,1,'Выберите коммуникатор',2,'Select communicator',1),(94,1,'Камера выключена или недоступна',2,'The camera is off or unavailable',1),(95,1,'Произошла неизвестная ошибка.',2,'An unknown error occurred.',1),(96,1,'Начать запись',2,'Start recording',1),(97,1,'Остановить запись',2,'Stop recording',1),(98,1,'Внимание! Идёт запись',2,'Attention! Recording',1),(99,1,'Все ролики',2,'All videos',1),(100,1,'Версия',2,'Version',1),(101,1,'Сессии',2,'Sessions',1),(102,1,'Изменения',2,'Changes',1),(103,1,'Контакты',2,'Contact us',1),(104,1,'информация',2,'Information',1),(105,1,'техподдержка',2,'technical support',1),(106,1,'Простые решения',2,'Simple Decisions',1),(107,1,'Все права защищены',2,'All rights reserved',1),(108,1,'Закрыть окно',2,'Close the window',1),(109,1,'Обнаружен похожий объект!',2,'A similar object is detected!',1),(110,1,'Экспортировать журнал событий?',2,'Export the event log?',1),(111,1,'Ошибка экспорта',2,'Export error',1),(112,1,'Сообщения системы',2,'System messages',1),(113,1,'Свернуть окно',2,'Reduce the window',1),(114,1,'Предупреждение',2,'Warning',1),(115,1,'Ошибка',2,'Error',1),(116,1,'Файл не найден',2,'File is not found',1),(118,2,'Настройки распознавания',1,'Recognition settings',1),(120,2,'Настройки интерфейса',1,'Interface settings',1),(121,2,'События системы',1,'System events',1),(122,2,'Управляющая система',1,'Control system',1),(123,2,'Настройки камеры',1,'Camera settings',1),(124,2,'Настройки дисторсии',1,'Distortion settings',1),(125,2,'Тестирование системы',1,'System testing',1),(126,2,'Помощь',1,'Help',1),(127,2,'Главная страница помощи',1,'Help homepage',1),(128,2,'Обучение базы персон',1,'Person database training',1),(129,2,'Выбор камеры для обучения',1,'Select a camera for training',1),(130,1,'Выберите, пожалуйста, хотя бы одну персону.',2,'Please, select at least one person.',1),(131,1,'Выберите, пожалуйста, хотя бы одного посетителя.',2,'Please, select at least one visitor.',1),(132,1,'Выберите, пожалуйста, хотя бы одного сотрудника.',2,'Please, select at least one employee.',1),(133,1,'Вы действительно хотите объединить выбранных персон',2,'Do you really want to join the selected persons',1),(134,1,'Журнал идентификаций',2,'Identification log',1),(135,1,'Автообновление для журнала отключено',2,'Log auto update is off',1),(136,1,'Автообновление для журнала включено',2,'Log auto update is on',1),(137,1,'старше',2,'older',1),(138,1,'за период',2,'over the period',1),(139,1,'Идентификации',2,'Identification',1),(140,1,'Видеоаналитика',2,'Video analytics',1),(141,1,'Найти',2,'Search',1),(142,1,'Всего записей в журнале',2,'Total records in the log',1),(143,1,'идентифицировано',2,'identified',1),(144,1,'Найдено записей',2,'Records found',1),(145,1,'Очистить журнал',2,'Clear log',1),(146,1,'Автообновление',2,'Auto update',1),(147,1,'Просмотр записей: с',2,'View records: from',1),(148,1,'Выбрать дату',2,'Select date',1),(149,1,'по',2,'to',1),(150,1,'Только идентифицированные',2,'Identified only',1),(151,1,'Применить',2,'Apply',1),(152,1,'Первая страница',2,'First page',1),(153,1,'Начало',2,'Beginning',1),(154,1,'Последняя страница',2,'Last page',1),(155,1,'Конец',2,'End',1),(156,1,'Предыдущая страница',2,'Previous page',1),(157,1,'Назад',2,'Back',1),(158,1,'Следующая страница',2,'Next page',1),(159,1,'Вперёд',2,'Forward',1),(160,1,'Свободного места на диске',2,'Free disk space',1),(161,1,'Выделить все записи на данной странице',2,'Select all records on this page',1),(162,1,'Выделить всё',2,'Select All',1),(163,1,'Обучить',2,'Train',1),(164,1,'Обучить как шум',2,'Train as noise',1),(165,1,'Экспорт по фильтру',2,'Export by filter',1),(166,1,'Экспорт фотографий',2,'Export of photos',1),(167,1,'Дата',2,'Date',1),(168,1,'Время',2,'Time',1),(169,1,'Камера',2,'Camera',1),(170,1,'Фото',2,'Photo',1),(171,1,'Идент',2,'Ident.',1),(172,1,'ФИО',2,'Full name',1),(173,1,'Статус',2,'Status',1),(174,1,'Категория',2,'Category',1),(175,1,'Оператор',2,'Operator',1),(176,1,'Расcтояние между глазами:',2,'Distance between the eyes:',1),(177,1,'Посмотреть подробную информацию',2,'View more information',1),(178,1,'Лицо не опознано',2,'Face isn\'t identified',1),(179,1,'Оператор отсутствовал',2,'No operator',1),(180,1,'Фото с камеры',2,'Photo from camera',1),(181,1,'Очистка журнала',2,'Clear log',1),(182,1,'Очистить данные',2,'Clear data',1),(183,1,'Старше одной недели',2,'Older than a week',1),(184,1,'Старше одного месяца',2,'Older than a month',1),(185,1,'Старше трёх месяцев',2,'Older than three months',1),(186,1,'Старше указанной даты',2,'Older than the stated date',1),(187,1,'Далее',2,'Next',1),(188,1,'Удалить',2,'Delete',1),(189,1,'Отмена',2,'Cancel',1),(190,1,'Пожалуйста, подождите',2,'Wait, please',1),(191,1,'Экспорт',2,'Export',1),(192,1,'ОК',2,'OK',1),(193,1,'Экспорт фотографий по фильтру',2,'Photo export according to the filter',1),(194,1,'Сбой операции',2,'Operation failed',1),(195,1,'Выбор группы',2,'Selection of a group',1),(196,1,'Данные персоны',2,'Person\'s data',1),(197,1,'Закрыть',2,'Close',1),(198,1,'Ошибка выбора',2,'Selection error',1),(199,1,'Расcтояние между глазами',2,'Distance between the eyes',1),(200,1,'Разрешение',2,'Resolution',1),(201,1,'Фото из базы',2,'Photo from database',1),(202,1,'Настройки камер',2,'Cameras settings',1),(203,1,'Введите, пожалуйста, название профиля.',2,'Please, enter a profile name.',1),(204,1,'Камеры',2,'Cameras',1),(205,1,'Пользователи',2,'Users',1),(206,1,'Распознавание',2,'Recognition',1),(207,1,'Специальные',2,'Special',1),(208,1,'Экспорт информации',2,'Information export',1),(209,1,'Интерфейс',2,'Interface',1),(210,1,'Управляющая система',2,'Control system',1),(211,1,'Интеграция',2,'Integration',1),(212,1,'Настройка сервера',2,'Server settings',1),(213,2,'Настройки камер',2,'Cameras settings',1),(214,1,'Камера выключена',2,'The camera is off',1),(215,1,'Профиль сохранен',2,'The profile is saved',1),(216,1,'Произошла ошибка. Профиль не сохранен',2,'An error occured. Profile isn\'t saved.',1),(217,1,'Профиль загружен',2,'The profile is loaded',1),(218,1,'Произошла ошибка. Профиль не загружен',2,'An error occured. Profile isn\'t loaded.',1),(219,1,'Такое название профиля уже существует. Введите, пожалуйста, другое название профиля или выберете его из списка.',2,'This profile name already exists. Please, enter other profile name or select it from the list.',1),(220,1,'Некорректное название провиля. Введите, пожалуйста, другое название профиля или выберете его из списка.',2,'Incorrect profile name. Please, enter other profile name or select it from the list.',1),(221,1,'Ошибка добавления профиля.',2,'Profile addig error.',1),(222,1,'Поиск камер',2,'Search for cameras',1),(223,1,'Автоматический поиск камер',2,'Automatic search for cameras',1),(224,1,'Добавить камеру',2,'Add camera',1),(225,1,'Добавить камеру вручную',2,'Add camera manually',1),(226,1,'Настроить по шаблону',2,'Configure by pattern',1),(227,1,'Настроить выбранные камеры по сохранённому шаблону',2,'Configure the selected cameras according to the saved pattern',1),(228,1,'Сохранить настройки камер',2,'Save cameras settings',1),(229,1,'Сохранить камеры и их настройки для постоянного использования',2,'Save cameras and their settings for permament use',1),(230,1,'Загрузить настройки камер',2,'Load cameras settings',1),(231,1,'Загрузить сохранённые камеры и их настройки',2,'Load saved cameras and their settings',1),(232,1,'Список камер',2,'List of cameras',1),(233,1,'Авто',2,'Auto',1),(234,1,'Режим сервера',2,'Server mode',1),(235,1,'Просмотр видео',2,'Video viewing',1),(236,1,'Название камеры',2,'Camera name',1),(237,1,'Видео режим',2,'Video mode',1),(238,1,'Детект. лиц',2,'Face detect.',1),(239,1,'Идент. лиц',2,'Face ident.',1),(240,1,'Камера выкл.',2,'Camera off',1),(241,1,'Удалить камеру',2,'Delete camera',1),(242,1,'Создать псевдоним для камеры',2,'Create a camera name',1),(243,1,'Камера удалена',2,'The camera is deleted',1),(244,1,'Вы, действительно, хотите удалить камеру',2,'Do you really want to delete the camera',1),(245,1,'будет удалена после перезапуска коммуникатора.',2,'will be deleted after the communicator restart.',1),(246,1,'Ошибка! Камеру',2,'Error! The camera',1),(247,1,'удалить не удалось.',2,'wasn\'t deleted.',1),(248,1,'Параметр не применился. Пожалуйста, попробуйте ещё раз',2,'Parameter isn\'t applied. Please, try again.',1),(249,1,'Параметр успешно применён.',2,'Parameter is successfully applied.',1),(250,1,'Камера не добавлена. Пожалуйста, попробуйте ещё раз',2,'The camera isn\'t added. Please, try again.',1),(251,1,'Камера успешно добавлена',2,'The camera is successfully added',1),(252,1,'Обновление списка камер',2,'Cameras list updating',1),(253,1,'Введите максимальное количество камер, которое должен найти коммуникатор',2,'Enter max number of cameras for the communicator to find',1),(254,1,'Новых камер не найдено',2,'No new cameras are found',1),(255,1,'Добавление камеры вручную',2,'Manual camera adding',1),(256,1,'Модель камеры',2,'Camera model',1),(257,1,'адрес',2,'address',1),(258,1,'Порт',2,'Port',1),(259,1,'Номер камеры',2,'Camera number',1),(260,1,'Пользователь',2,'User',1),(261,1,'Пароль',2,'Password',1),(262,1,'Добавить',2,'Add',1),(263,1,'Удаление камеры',2,'Camera deleting',1),(264,1,'Да',2,'Yes',1),(265,1,'Нет',2,'No',1),(266,1,'Сохранение настроек камер',2,'Saving of cameras settings',1),(267,1,'Загрузка настроек камер',2,'Loading of cameras settings',1),(268,1,'Добавление псевдонима',2,'Name adding',1),(269,1,'Добавление псевдонима для камеры',2,'Adding of camera name',1),(270,1,'Псевдоним',2,'Name',1),(271,1,'Сохранение профиля',2,'Profile saving',1),(272,1,'Название профиля',2,'Profile name',1),(273,1,'Создать новый',2,'Create new',1),(274,1,'Введите название',2,'Etner name',1),(275,1,'Сохранить',2,'Save',1),(276,1,'Применение профиля',2,'Apply profile',1),(277,1,'Выберите название профиля',2,'Select profile name',1),(278,1,'Всего персон в списках',2,'Total persons in lists',1),(279,1,'Всего фотографий в списках',2,'Total photos in lists',1),(280,1,'Удалить выделенные',2,'Delete selected',1),(281,1,'№',2,'No.',1),(282,1,'Название',2,'Name',1),(283,1,'Описание',2,'Description',1),(284,1,'Группа',2,'Group',1),(285,1,'Количество персон',2,'Number of persons',1),(286,1,'Количество фото',2,'Number of photos',1),(287,1,'Редактировать список',2,'Edit list',1),(288,1,'Удаление',2,'Deleting',1),(289,1,'Удаление списков',2,'Lists deleting',1),(290,1,'Журнал видеоаналитики',2,'Video analytics log',1),(291,1,'Извините, произошла ошибка. Пожалуйста, попробуйте ещё раз',2,'Sorry, an error occured. Please, try again',1),(292,1,'Настройки интерфейса',2,'Interface settings',1),(293,2,'Настройки интерфейса',2,'Interface settings',1),(294,1,'Настройка для страниц',2,'Setup for pages',1),(295,1,'Выберите разрешение экрана',2,'Select screen resolution',1),(296,1,'Отображение видео',2,'Video displaying',1),(297,1,'Настройки вкладки \"Просмотр\"',2,'Settings of \"View\" tab',1),(298,1,'при использовании Flash - интерфейса',2,'if Flash interface is used',1),(299,1,'Режим клиента',2,'Client mode',1),(300,1,'Отобразить зеркально',2,'Mirror',1),(301,1,'Показывать на видео',2,'Show in video',1),(302,1,'Рамку вокруг лица',2,'Frame around the face',1),(303,1,'Задержка рамки лица',2,'face frame delay',1),(304,1,'в секундах',2,'seconds',1),(305,1,'Масштаб рамки лица',2,'Scale of face frame',1),(306,1,'Глаза',2,'Eyes',1),(307,1,'Нос, подбородок',2,'Nose, chin',1),(308,1,'Задержка шапок',2,'Hats delay',1),(309,1,'Масштаб шапок',2,'Scale of hats',1),(310,1,'Порог идентификации',2,'Identification threshold',1),(311,1,'Временная проверка',2,'Time check',1),(312,1,'Ошибка подключения!',2,'Connection error!',1),(313,1,'Коммуникатор',2,'Communicator',1),(314,1,'недоступен',2,'unavailable',1),(315,1,'Пожалуйста, попробуйте подключиться позднее',2,'Please, try to connect later',1),(316,1,'Подключиться',2,'Connect',1),(317,1,'Настройки пользователей',2,'Users settings ',1),(318,1,'Список пользователей',2,'List of users',1),(319,1,'Найти пользователя',2,'Find user',1),(320,1,'Всего пользователей в базе',2,'Total users in the database',1),(321,1,'Объединение',2,'Joining',1),(322,1,'Добавление пользователя',2,'User adding',1),(323,1,'Фотография пользователя',2,'User\'s photos',1),(324,1,'Посмотреть',2,'View',1),(325,1,'Фамилия',2,'Surname',1),(326,1,'Имя',2,'Name',1),(327,1,'Отчество',2,'Second name',1),(328,1,'КПП',2,'CP',1),(329,1,'Доступ',2,'Access',1),(330,1,'Логин',2,'Username',1),(331,1,'Повтор пароля',2,'Repeat password',1),(332,1,'Изменения сохранены',2,'Changes are saved',1),(333,1,'Обязательное поле.',2,'Mandatory field.',1),(334,1,'Добавление списка',2,'List adding',1),(335,1,'Поля, отмеченные звёздочкой (<span class=\"req\">*</span>), являются обязательными для заполнения',2,'The fields marked with (<span class=\"req\">*</span>) are mandatory',1),(336,1,'Тип',2,'Type',1),(337,1,'Уровень угрозы',2,'Threat level',1),(338,1,'Отменить',2,'Cancel',1),(339,1,'Журнал изменений',2,'Changes log',1),(340,1,'Всего изменений',2,'Total changes',1),(341,1,'ФИО (кто изменил)',2,'Full name (who made changes)',1),(342,1,'ФИО персоны',2,'Person\'s full name',1),(343,1,'Данные',2,'Data',1),(344,1,'Исходные данные',2,'Initial data',1),(345,1,'Внесённые изменения',2,'Changes made',1),(346,1,'Редактирование',2,'Edit',1),(347,1,'Администратор',2,'Administrator',1),(348,1,'Создание',2,'Creation',1),(349,2,'Помощь',2,'Help',1),(350,2,'Главная страница помощи',2,'Help homepage',1),(351,1,'Мастер настроек',2,'Wizard',1),(352,1,'Версия дистрибутива',2,'Distribution version',1),(353,1,'Заполните поле \"IP-адрес\" для сервера',2,'Fill in the field \"IP address\" for a server',1),(354,1,'Настройки управляющей системы успешно загружены.',2,'Control system settings are successfully loaded.',1),(355,1,'Произошла ошибка во время загрузки настроек управляющей системы.',2,'An error occured while loading setting of the control system.',1),(356,1,'Внимание! Произошла ошибка. Настройки не могут быть сохранены.',2,'Attention! An error occured. The settings cannot be saved.',1),(357,1,'Добавление основного пользователя',2,'Adding of principal user',1),(358,1,'Пропустить',2,'Ignore',1),(359,1,'События системы',2,'System events',1),(360,1,'Тестирование',2,'Testing',1),(361,2,'События системы',2,'System events',1),(362,1,'Выбрать дату начала',2,'Select start date',1),(363,1,'Выбрать дату окончания',2,'Select closing date',1),(364,1,'Экспорт событий системы',2,'Export of system events',1),(365,1,'Сообщение',2,'Message',1),(366,1,'Аналитика управляющей системы',2,'Control system analytics',1),(367,1,'Перезапустить демона',2,'Restart daemon',1),(368,1,'Перезапущен',2,'Restarted',1),(369,1,'Ошибка при перезапуске',2,'Restart error',1),(370,1,'Ошибка обращение к управляющей системе',2,'Control system access error',1),(371,2,'Управляющая система',2,'Control system',1),(372,1,'Свободно места на диске',2,'Available disk space ',1),(373,1,'Перезапуск системы',2,'Restart the system',1),(374,1,'Время (сек.)',2,'Time (sec)',1),(375,1,'Время работы',2,'Time of operation',1),(376,1,'чистое время детектирования лиц, время работы демона Face Detection',2,'actual time of face detection, time of operation of FaceDetection daemon',1),(377,1,'суммарное время распознавания лиц на кадре, время работы демона Face Recognition',2,'total time of faces recognition in a frame, time of operation of FaceRecognition daemon',1),(378,1,'время детектирования лиц с учетом накладных расходов и очередей',2,'Time of face detection including overhead expenses and queues',1),(379,1,'время распознавания всех лиц на кадре без учёта детектирования лиц',2,'time of recognition of all faces in a frame without face detection',1),(380,1,'Перезапуск серверов',2,'Restart servers',1),(381,1,'Графики для всех серверов',2,'Graphs for all servers',1),(382,1,'Количество',2,'Number ',1),(383,1,'Количество обнаруженных лиц за секунду',2,'Number of found faces per second',1),(384,1,'минимальное значение',2,'minimum value',1),(385,1,'среднее значение',2,'average value',1),(386,1,'максимальное значение',2,'maximum value',1),(387,1,'Количество обработанных кадров за секунду',2,'Number of processed frames per second',1),(388,1,'Количество распознанных лиц за секунду',2,'Number of recognized faces per second',1),(389,1,'Нет данных для отображения графика',2,'No data for graph displaying',1),(390,1,'Балансировщик',2,'Balancer',1),(391,1,'Выключить',2,'Disable',1),(392,1,'IP-адрес',2,'IP address',1),(393,1,'Очередь',2,'Queue',1),(394,1,'Активен',2,'Active',1),(395,1,'Свободно памяти (КБ)',2,'Space available (Kb)',1),(396,1,'Всего памяти (КБ)',2,'Total space (Kb)',1),(397,1,'Видеокарта',2,'Video card',1),(398,1,'Окончание лицензии',2,'Termination of the licence',1),(399,1,'Версия демона',2,'Daemon version',1),(400,1,'Вкл.',2,'On',1),(401,1,'Номер',2,'Number',1),(402,1,'Температура',2,'Temperature',1),(403,1,'Графики очередей демонов',2,'Graphs of daemons queues',1),(404,1,'Графики',2,'Graphs',1),(405,1,'Количество запросов за секунду',2,'Number of requests per second',1),(406,1,'за последние 10 минут',2,'over the last 10 minutes',1),(407,1,'Чистое время детектирования лиц, время работы демона FaceDetection',2,'Actual time of face detection, time of operation of FaceDetection daemon',1),(408,1,'Суммарное время распознавания лиц на кадре, время работы демона FaceRecognition',2,'Total time of faces recognition in a frame, time of operation of FaceRecognition daemon',1),(409,1,'Перезапуск демона',2,'Restart daemon',1),(410,1,'Включение / Выключение демона',2,'Enable / Disable daemon',1),(411,1,'Включение / Выключение балансировщика',2,'Enable / Disable balancer',1),(412,1,'Сохранение общих настроек',2,'Saving of general settings',1),(413,1,'Сохранить без применения настроек?',2,'Save without applying the settings?',1),(414,1,'Сохранить и перезапустить систему для применения настроек?',2,'Save and restart the system for applying the settings?',1),(415,1,'Добавление параметра',2,'Parameter adding',1),(416,1,'Звёздочкой отмечены обязательные поля',2,'The mandatory fields are marked with *',1),(417,1,'Текст',2,'Text',1),(418,1,'Радиобаттон',2,'Radiobutton',1),(419,1,'Спинбокс',2,'Spinbox',1),(420,1,'Значение',2,'Value',1),(421,1,'Значение по умолчанию',2,'Default value',1),(422,1,'Шаг',2,'Step',1),(423,1,'Переименование',2,'Renaming',1),(424,1,'Дубликат',2,'Duplicate',1),(425,1,'Экспорт настроек',2,'Settings export',1),(426,1,'Импорт настроек',2,'Settings import',1),(427,1,'Графики коммуникаторов',2,'Communicators graphs',1),(428,1,'Время обработки (мс.)',2,'Time of processing (ms)',1),(429,1,'Кадров в секунду',2,'Frames per second',1),(430,1,'Пропущенные кадры',2,'Skipped frames',1),(431,1,'Ошибки обработки кадров',2,'Errors of frames processing',1),(432,1,'Время обработки кадра',2,'Time of frame processing',1),(433,1,'Минимальное время обработки кадра',2,'Minimum time of frame processing',1),(434,1,'Максимальное время обработки кадра',2,'Maximum time of frame processing',1),(435,1,'Среднее время обработки кадра',2,'Average time of frame processing',1),(436,1,'Тестирование системы',2,'System testing',1),(437,2,'Тестирование системы',2,'System testing',1),(438,1,'Проверка целостности',2,'Integrity check',1),(439,1,'Тестирование производительности',2,'Performance testing',1),(440,1,'Запрос на тестирование производительности не выполнился. Попробуйте ещё раз.',2,'Request for performance testing wasn\'t executed. Try again.',1),(441,1,'Компьютер',2,'Computer',1),(442,1,'Количество лиц',2,'Number of faces',1),(443,1,'Демон',2,'Daemon',1),(444,1,'Время работы демона, мс',2,'Time of daemon operation, ms',1),(445,1,'Время работы демона (с получением файла по сокету), мс',2,'Time of daemon operation (including file receiving via socket), ms',1),(446,1,'Время работы демона (с учетом отправления и получения запроса, получено от УС), мс',2,'Time of daemon operation (including sending and receiving of a request, received from CS), ms',1),(447,1,'Время работы балансировщика (получено от УС), мс',2,'Time of balancer operation (received from CS), ms',1),(448,1,'Время обработки изображения через скрипт (с пересылкой файлов, с парсингом xml-результатов), мс',2,'Time of image processing via script (including sending of files , parsing of xml-results), ms',1),(449,1,'Потери (AVG2 - AVG1)',2,'Losses (AVG2 - AVG1)',1),(450,1,'Результаты тестирования',2,'Testing results',1),(451,1,'скачать',2,'download',1),(452,1,'Просмотр записей',2,'View records',1),(453,1,'с:',2,'from:',1),(454,1,'Должность',2,'Position',1),(455,1,'Настройки распознавания',2,'Recognition settings',1),(456,1,'Параметр успешно применился.',2,'Parameter is successfully applied.',1),(457,2,'Настройки распознавания',2,'Recognition settings',1),(458,1,'Мин. размер лица',2,'Min face size',1),(459,1,'Уровень шума',2,'Noise level',1),(460,1,'Уровень сигнал/шум',2,'Signal/noise level',1),(461,1,'Фокус',2,'Focus',1),(462,1,'Использование FaceDetect',2,'Use FaceDetect',1),(463,1,'Глубина поиска',2,'Search depth',1),(464,1,'Порог распознавания',2,'Recognition threshold',1),(465,1,'Идентифицировать неуверенно детектированные лица',2,'Identify unreliably detected faces',1),(466,1,'Идентифицировать лица с неуверенно детектированными глазами',2,'Identify faces with unreliably detected eyes',1),(467,1,'Мин. расстояние между глазами',2,'Min distance between the eyes',1),(468,1,'Нижний порог обучения',2,'Training lower threshold',1),(469,1,'Верхний порог обучения',2,'Training upper threshold',1),(470,1,'Обучать неуверенно детектированные лица',2,'Train unreliably detected faces',1),(471,1,'Обучать лица с неуверенно детектированными глазами',2,'Train faces with unreliably detected eyes',1),(472,1,'Порог регистриции в журнале',2,'Registration threshold in the log',1),(473,1,'Переключение FaceDetect',2,'FaceDetect switch',1),(474,1,'Пользователи УС',2,'CS users',1),(475,1,'Общие настройки',2,'General settings',1),(476,1,'Настройки по умолчанию',2,'Default settings',1),(477,1,'Пользователи управляющей системы',2,'Users of control system',1),(478,1,'Всего пользователей',2,'Total users',1),(479,1,'Добавить пользователя',2,'Add user',1),(480,1,'Настройки видеоаналитики',2,'Video analytics settings',1),(481,1,'Параметры успешно сохранены',2,'Parameters are successfully saved.',1),(482,1,'Включить',2,'Enable',1),(483,1,'Параметр успешно применился',2,'Parameter is successfully applied',1),(484,1,'Генерация фона завершена.',2,'Background building is completed.',1),(485,1,'Генерация фона завершена. Датчик успешно запущен.',2,'Background building is completed. Sensor is successfully run.',1),(486,1,'Настройка модуля видеоаналитики',2,'Video analytics module setup',1),(487,1,'Внимание',2,'Attention',1),(488,1,'Проверьте коммуникаторы.',2,'Check communcators.',1),(489,1,'Следующие коммуникаторы:',2,'Following communicators:',1),(490,1,'не вернули список камер.',2,'did not return the list of cameras.',1),(491,1,'Создание фона',2,'Background creation',1),(492,1,'Идёт создание фона. Если вы считаете, что фон создан, нажмите на кнопку',2,'Creating background. If you believe the background is created, press the button',1),(493,1,'Завершить создание фона',2,'Finish creation of the background',1),(494,1,'Идёт создание фона',2,'Creating background...',1),(495,1,'Обязательное поле для заполнения.',2,'The field is mandatory.',1),(496,1,'Некорректный электронный адрес получателя.',2,'Recipient\'s e-mail address is incorrect.',1),(497,1,'Некорректный электронный адрес отправителя.',2,'Sender\'s e-mail address is incorrect.',1),(498,1,'Обязательное поле для заполнения, так как включена авторизация.',2,'The field is mandatory as authorization is enabled.',1),(499,1,'Протокол SMTP',2,'SMTP protocol',1),(500,1,'Протокол SNMP',2,'SNMP protocol',1),(501,1,'Настройка параметров оповещения внешних систем по протоколу SMTP',2,'Setup of the alert parameters of external systems via SMTP protocol',1),(502,1,'Внимание! Произошла ошибка при сохранении настроек для протокола SMTP. Попробуйте ещё раз.',2,'Attention! An error occured while saving the setting for SMPT protocol. Try again.',1),(503,1,'Настройки для протокола SMTP успешно сохранены',2,'Settings for SMTP protocol are successfully saved',1),(504,1,'Включение оповещений по SMTP',2,'Enable alerts via SMTP',1),(505,1,'Электронный адрес получателя',2,'Recipient\'s e-mail address',1),(506,1,'поле письма TO',2,'letter field TO',1),(507,1,'Электронный адрес отправителя',2,'Sender\'s e-mail address',1),(508,1,'поле письма FROM',2,'letter field FROM',1),(509,1,'Почтовый сервер',2,'Mail server',1),(510,1,'например',2,'for example',1),(511,1,'Авторизация',2,'Authorization',1),(512,1,'Пароль отправителя',2,'Sender\'s password',1),(513,1,'если выключена авторизация, пароль игнорируется',2,'if authorization is disabled, the password will be ignored',1),(514,1,'Минимальное время перед повторной отправкой',2,'Minimum time before resending',1),(515,1,'мс, минимальное время перед повторной отправкой сообщений об идентификации одного человека',2,'ms, minimum time before resending the message about identification of one person',1),(516,1,'Тема письма для оповещений об идентификации',2,'Subject for identification letters',1),(517,1,'поле SUBJECT',2,'field SUBJECT',1),(518,1,'Тема письма для всех остальных типов оповещений',2,'Subject for all other types of letters',1),(519,1,'Журнал сессий',2,'Session log',1),(520,1,'Всего записей',2,'Total records',1),(521,1,'Всего сотрудников в базе',2,'Total employees in the database',1),(522,1,'Всего фотографий в базе',2,'Total photos in the database',1),(523,1,'Экспорт персон',2,'Export of persons',1),(524,1,'Импорт персон',2,'Import of persons',1),(525,1,'Просмотр списка без фотографий',2,'View list without photos',1),(526,1,'Просмотр списка с фотографиями',2,'View list with photos',1),(527,1,'Количество фотографий для каждой персоны',2,'Number of photos for each person',1),(528,1,'Фотографии',2,'Photos',1),(529,1,'Пожалуйста, выберите файл для импорта.',2,'Please, select a file for importing.',1),(530,1,'Необходимо выбрать файл с расширением',2,'Select a file with extension',1),(531,1,'*.zip',2,'*.zip',1),(532,1,'Процедура импорта была выполнена не для всех персон. Возможно, необходимо выбрать другой список.',2,'Import procedure was conducted not for all persons. Probably, you should select other list.',1),(533,1,'Выберите архив с расширением',2,'Select archive with extension',1),(534,1,'Вы можете добавить ранее экспортированных персон. В таком случае структура архива должна быть такой же, как при экспорте персон.',2,'You can add previously exported persons.  In this case the archive structure must be the same as that of export of persons.',1),(535,1,'Вы можете использовать пакетное обучение из архива со следующим содержанием',2,'You can use package training from the archive with the following content',1),(536,1,'Архив с папками (папки с фотографиями названы именами персон)',2,'Folder archive (names of folders with photos consist of persons\' names)',1),(537,1,'Архив с фотографиями (фотографии названы именами персон)',2,'Photo archive (photos names consist of persons\' names)',1),(538,1,'Название папки или фото формируется по следующим образцам:',2,'A folder or photo name is formed according to the following patterns:',1),(539,1,'Фамилия Имя',2,'Surname Name',1),(540,1,'или',2,'or',1),(541,1,'Импорт',2,'Import',1),(542,1,'Камера недоступна',2,'Camera unavailable',1),(543,1,'Настройка видеоархива',2,'Video archive setup',1),(544,1,'Выберите видеоархив',2,'Select a video archive',1),(545,1,'Настройки для порогов',2,'Threshold settings',1),(546,1,'Период хранения роликов',2,'Storage period of videos',1),(547,1,'в днях',2,'days',1),(548,1,'Период времени хранения роликов',2,'Storage period of videos',1),(549,1,'Порог оповещения',2,'Alert threshold',1),(550,1,'Порог оповещения об окончании места для хранения роликов',2,'Alert threshold of end of storage space for videos',1),(551,1,'Порог удаления роликов',2,'Videos deletion threshold',1),(552,1,'в процентах',2,'percentage',1),(553,1,'Порог, при превышении которого начинается удаление роликов',2,'Exceeding of this threshold leads to videos deletion',1),(554,1,'Интервал проверки порогов',2,'Interval of thresholds check',1),(555,1,'в часах',2,'hours',1),(556,1,'Настройки для записи ролика',2,'Settings for video recording',1),(557,1,'Пропускная способность (bitrate)',2,'Bandwidth (bitrate)',1),(558,1,'в кбит/с',2,'Kbit/s',1),(559,1,'Параметр, влияющий на качество ролика',2,'Parameter effecting quality of a video',1),(560,1,'Степень сжатия',2,'Compression degree',1),(561,1,'Параметр, влияющий на качество и размер ролика',2,'Parameter effecting quality and size of a video',1),(562,1,'Расстояние между соседними кадрами для кодирования',2,'Distance between neighbouring frames for encoding',1),(563,1,'Большое расстояние между кадрами уменьшает объем ролика и снижает его качество',2,'Long distance between frames reduces the size of a video and worsens its quality',1),(564,1,'Вход в систему',2,'Logging in',1),(565,1,'Система администрирования',2,'Administration system',1),(566,1,'Войти',2,'Log in',1),(567,1,'Введите логин.',2,'Enter your username.',1),(568,1,'Логин должен содержать не менее 3 символов.',2,'Username must contain not less than 3 characters.',1),(569,1,'Логин должен содержать не более 30 символов.',2,'Username must contain not more than 30 characters.',1),(570,1,'Пароль должен содержать не менее 6 символов.',2,'Password must contain not less than 6 characters.',1),(571,1,'Пароль должен содержать не более 32 символов.',2,'Password must contain not more than 32 characters.',1),(572,1,'Пожалуйста подождите',2,'Please, wait',1),(573,1,'Очистить все записи за текущий период',2,'Clear all records for the current period',1),(574,1,'Очистить всё',2,'Clear all',1),(575,1,'Просмотреть всё',2,'View all',1),(576,1,'Лица',2,'Faces',1),(577,1,'Детекторы',2,'Detectors',1),(578,1,'Обнаружено объектов',2,'Objects found',1),(579,1,'Детектор оставленных вещей',2,'Abandoned objects detector',1),(580,1,'Детектор отделения объекта от фона',2,'Detector of distinguishing object from background',1),(581,1,'Коммуникатор вернул пустой кадр. Проверьте работоспособность коммуникатора',2,'The communicator returned an empty frame. Check communicator performance capability',1),(582,1,'Отсутствует',2,'None',1),(583,1,'Идентификация',2,'Identification',1),(584,1,'Неизвестно',2,'Unknown',1),(585,1,'Количество идентификаций',2,'Number of identifications',1),(586,1,'Коэффициент похожести',2,'Similarity rate',1),(587,1,'Расстояние между глазами',2,'Distance between the eyes',1),(588,1,'Шум',2,'Noise',1),(589,1,'Сигнал / Шум',2,'Signal / Noise',1),(590,1,'Время последней идентификации',2,'Time of the latest identification',1),(591,1,'Идентификации за период',2,'Identifications for the period',1),(592,1,'отображены последние',2,'showed the latest',1),(593,1,'Лица за период',2,'Faces for the period',1),(594,1,'Детекторы. Обнаружено объектов',2,'Detectors. Objects found',1),(595,1,'Все',2,'All',1),(596,1,'Детектор отделения объектов от фона',2,'Detector of distinguishing objects from background',1),(597,1,'всего объектов',2,'total objects',1),(598,1,'Просмотреть',2,'View',1),(599,1,'Документ, удостоверяющий личность',2,'Identity document',1),(600,1,'Паспортные данные',2,'Passport data',1),(601,1,'Удостоверение',2,'Identity card',1),(602,1,'Серия',2,'Series',1),(603,1,'Выдан',2,'Issued by',1),(604,1,'Дата выдачи',2,'Issue date',1),(605,1,'Код подразделения',2,'Subdivision code',1),(606,1,'Дата рождения',2,'Date of birth',1),(607,1,'Постоянная регистрация',2,'Permament registration',1),(608,1,'Временная регистрация',2,'Temporary registation',1),(609,1,'Дополнительная',2,'Additional',1),(610,1,'Укажите период посещений',2,'Specify visitation period',1),(611,1,'Укажите дату начала посещений',2,'Specify the date of visitation beginning',1),(612,1,'Укажите дату окончания посещений',2,'Specify the date of visitation end',1),(613,1,'Некорректно введена дата окончания посещений',2,'Date of visitation end is entered incorrectly',1),(614,1,'Некорректно введено время посещения',2,'Time of visit is entered incorrectly',1),(615,1,'Карточка посещения',2,'Visitation card',1),(616,1,'К кому',2,'To whom',1),(617,1,'Персона',2,'Person',1),(618,1,'Сотрудник',2,'Employee',1),(619,1,'Основание',2,'Reason',1),(620,1,'Период посещений',2,'Period of visits',1),(621,1,'с',2,'from',1),(622,1,'Выберите дату',2,'Select a date',1),(623,1,'Время посещения',2,'Time of visit',1),(624,1,'Отображать результаты детектирования',2,'Show detection results',1),(625,1,'Увеличить изображение',2,'Enlarge image',1),(626,1,'Расстояние между глаз',2,'Distance between the eyes',1),(627,1,'Метаданные изображения',2,'Image metadata',1),(628,1,'Всего в базе',2,'Total in the database',1),(629,1,'Объединить',2,'Join',1),(630,1,'Экспортировать шум',2,'Export noise',1),(631,1,'Идентификатор',2,'Identifier',1),(681,2,'Настройки камер',1,'Cameras settings',1),(632,1,'--- Выберите тип ---',2,'--- Select type ---',1),(633,1,'--- Выберите объект ---',2,'--- Select object ---',1),(634,1,'Терминал успешно добавлен',2,'The terminal is successfully added',1),(635,1,'Ошибка добавления терминала',2,'Terminal deleting error',1),(636,1,'Ошибка запроса',2,'Request error',1),(637,1,'Добавление терминала',2,'Terminal adding',1),(638,1,'Загрузка',2,'Loading',1),(639,1,'Ошибка удаления терминала.',2,'Terminal deleting error.',1),(640,1,'Ошибка добавления камеры',2,'Camera adding error',1),(641,1,'Ошибка удаления камеры.',2,'Camera deleting error.',1),(642,1,'Пожалуйста, выберите файл с изображением карты',2,'Please, select a map image',1),(643,1,'Обязательное поле',2,'Mandatory field',1),(644,1,'Ошибка загрузки изображения карты',2,'An error occured while loading the map image',1),(645,1,'Карта успешно добавлена',2,'The map is successfully added',1),(646,1,'Ошибка во время закачивания изображения карты',2,'An error occured while downloading the map image',1),(647,1,'Ошибка добавления карты',2,'Map adding error',1),(648,1,'Ошибка удаления терминалов с карты.',2,'An error occured while deleting terminals from the map.',1),(649,1,'Ошибка при сохранении расположения терминалов.',2,'An error occured while saving terminals location.',1),(650,1,'Расположение терминалов и камер успешно сохранено.',2,'Location of terminals and cameras is saved successfully.',1),(651,1,'Город',2,'City',1),(652,1,'Тип объекта',2,'Object type',1),(653,1,'Объект',2,'Object',1),(654,1,'Все терминалы на карте будут удалены. Удалить терминалы?',2,'All terminals on the map will be deleted. Delete terminals?',1),(655,1,'Мигание',2,'Flashing',1),(656,1,'Остановить мигание',2,'Stop flashing',1),(657,1,'Добавить терминал',2,'Add terminal',1),(658,1,'Информация о терминале',2,'Terminal information',1),(659,1,'Добавить камеру к терминалу',2,'Add camera to terminal',1),(660,1,'Видео с камеры',2,'Video from camera',1),(661,1,'Добавление карты',2,'Map adding',1),(662,1,'Пожалуйста, подождите...',2,'Please, wait...',1),(663,1,'Удаление терминалов',2,'Terminals deleting',1),(664,1,'-- Другой тип ---',2,'-- Other type ---',1),(665,1,'Поля, отмеченные звёздочкой (<span class=\"req\">*</span>), являются обязательными для заполнения.',2,'The fields marked with (<span class=\"req\">*</span>) are mandatory.',1),(666,1,'Файл',2,'File',1),(667,1,'(формат файла: jpg, png, gif)',2,'(file formats: jpg, png, gif)',1),(668,1,'Ролики',2,'Videos',1),(669,1,'Всего роликов',2,'Total videos',1),(670,1,'найдено',2,'found',1),(671,1,'Экспорт роликов',2,'Export of videos',1),(672,1,'Дата начала',2,'Start date',1),(673,1,'Время начала',2,'Start time',1),(674,1,'Дата окончания',2,'Finish date',1),(675,1,'Время окончания',2,'Finish time',1),(676,1,'Ссылка для скачивания',2,'Link for downloading',1),(677,1,'Камеры успешно добавлены.',2,'Cameras are successfully added.',1),(678,1,'Новых камер не найдено.',2,'No new cameras are found.',1),(679,1,'Введите максимальное количество камер, которое должен найти коммуникатор.',2,'Enter max number of cameras for the communicator to find.',1),(680,1,'Поиск осуществляется только по камерам модели',2,'Search only by camera model',1),(682,1,'Настройки камеры',2,'Camera settings',1),(683,1,'Значение должно содержать только цифры',2,'The value must contain only numerals',1),(684,1,'Параметр успешно применён',2,'Parameter is successfully applied',1),(685,1,'Параметр не применён',2,'The parameter isn\'t applied.',1),(686,1,'Попробуйте ещё раз',2,'Try again',1),(687,1,'Введена слишком большая ширина для области захвата',2,'Too great width value for capture area is entered',1),(688,1,'Введено слишком большое смещение по координате',2,'Too great value for coordinate shift is enetered',1),(689,1,'Введена слишком большая высота для области захвата',2,'Too great height value for capture area is entered',1),(690,1,'На странице есть несохранённые данные',2,'There are unsaved data on the page',1),(691,1,'не активна',2,'inactive',1),(692,1,'Настройка камеры',2,'Camera setup',1),(693,2,'Настройки камеры',2,'Camera settings',1),(694,1,'Настройки камеры от производителя',2,'Manufacturer\'s camera settings',1),(695,1,'Звёздочкой (',2,'With the asterisk (',1),(696,1,') отмечены рекомендуемые значения.',2,') recommended values are marked.',1),(697,1,'Изображение',2,'Image',1),(698,1,'Яркость',2,'Brightness',1),(699,1,'Резкость',2,'Sharpness',1),(700,1,'Насыщенность',2,'Saturation',1),(701,1,'Контраст',2,'Contrast',1),(702,1,'Качество',2,'Quality',1),(703,1,'Режим освещения',2,'Lightning mode',1),(704,1,'Автоматический',2,'Automatic',1),(705,1,'Внутри помещения',2,'Inside',1),(706,1,'Снаружи помещения',2,'Outside',1),(707,1,'Смешанный',2,'Combined',1),(708,1,'Режим низкой освещённости',2,'Low light mode',1),(709,1,'Время экспозиции',2,'Exposure time',1),(710,1,'мс',2,'ms',1),(711,1,'Быстро',2,'Fast',1),(712,1,'Сбалансировано',2,'Balanced',1),(713,1,'Качественно',2,'Quality',1),(714,1,'Moon Light (TM)',2,'Moon Light (TM)',1),(715,1,'Частота',2,'Frequency',1),(716,1,'Гц',2,'Hz',1),(717,1,'День',2,'Day',1),(718,1,'Ночь',2,'Night',1),(719,1,'(параметр недоступен)',2,'(parameter is unavailable)',1),(720,1,'Дневной режим',2,'Day mode',1),(721,1,'Ночной режим',2,'Night mode',1),(722,1,'Разрешение камеры и область захвата',2,'Camera resolution and capture area',1),(723,1,'Разрешение камеры',2,'Camera resolution',1),(724,1,'Область захвата',2,'Capture area',1),(725,1,'Центрировать',2,'Center',1),(726,1,'Дисторсия',2,'Distortion ',1),(727,1,'Модель дисторсии третьей степени',2,'Distortion model of third degree',1),(728,1,'Модель дисторсии пятой степени',2,'Distortion model of fifth degree',1),(729,1,'Выпуклость',2,'Convexity',1),(730,1,'Интенсивность',2,'Intensity',1),(731,1,'Смещение по',2,'Shift',1),(732,1,'Настроить с камеры',2,'Set up from the camera',1),(733,1,'Количество кадров',2,'Number of frames',1),(734,1,'Интервал между кадрами (мс)',2,'Interval between frames (ms)',1),(735,1,'Задержка видео для обработки (мс)',2,'Delay of video for processing (ms)',1),(736,1,'Максимальное количество одновременно обрабатываемых кадров',2,'Max number of simutaneously processed frames',1),(737,1,'При детектировании',2,'During detection',1),(738,1,'При идентификации',2,'During identification',1),(739,1,'При обучении',2,'During training',1),(740,1,'Сохранить как шаблон',2,'Save as pattern',1),(741,1,'Сохранить настройки камеры в качестве шаблона',2,'Save camera settings as a pattern',1),(742,1,'Установить настройки камеры по ранее сохранённому шаблону',2,'Use camera settings according to the previously saved pattern',1),(743,1,'Настройки дисторсии',2,'Distortion settings',1),(744,1,'Настройка дисторсии',2,'Distortion setup',1),(745,2,'Настройки дисторсии',2,'Distortion settings',1),(746,1,'Общие настройки УС',2,'CS general settings',1),(747,1,'Развернуть всё',2,'Maximize all',1),(748,1,'Свернуть всё',2,'Reduce all',1),(749,1,'управляющей системы',2,'of the control system',1),(750,1,'Сохранить всё',2,'Save all',1),(751,1,'Добавить параметр',2,'Add parameter',1),(752,1,'Экспорт параметров',2,'Export of parameters',1),(753,1,'Импорт параметров',2,'Import of parameters',1),(754,1,'Экспорт информации о системе',2,'Export of system information',1),(755,1,'Настройки УС по умолчанию',2,'CS default values',1),(756,1,'Расположение',2,'Location',1),(757,1,'Смена',2,'Shift',1),(758,1,'Полное имя',2,'Full name',1),(759,1,'Повторите пароль',2,'Repeat password',1),(760,1,'Введите адрес основного компьютера',2,'Enter principal computer address',1),(761,1,'Шаг 3 из',2,'Step 3 of',1),(762,1,'Загрузите файл с настройками управляющей системы или введите настройки вручную и нажмите кнопку \"Далее\"',2,'Load a file with the control system settings or enter the settings manually and press the button \"Next\"',1),(763,1,'Шаг 4 из',2,'Step 4 of',1),(764,1,'Выберите для каждой видеокарты сервера демона и нажмите кнопку \"Далее\"',2,'Select a daemon for each server video card and press the button \"Next\"',1),(765,1,'Настройки успешно сохранены.',2,'The settings are successfully saved.',1),(766,1,'Использовать универсальных демонов',2,'Use universal daemons',1),(767,1,'Настройка системы завершена',2,'System configuring is completed',1),(768,1,'Завершить',2,'Finish',1),(769,1,'Наименование',2,'Name',1),(770,1,'Модель',2,'Model',1),(771,1,'Направление',2,'Direction',1),(772,1,'Датчики',2,'Sensors',1),(773,1,'Выбрать всё',2,'Select all',1),(774,1,'Концентрация хлора',2,'Chlorine concentration',1),(775,1,'Датчик взрыва',2,'Explosion sensor',1),(776,1,'Неверный формат даты',2,'Bad date format',1),(777,1,'Введите целое число.',2,'Enter integer.',1),(778,1,'Такое число уже есть. Введите другое.',2,'This number already exists. Enter other.',1),(779,1,'Настройка параметров оповещения внешних систем по протоколу SNMP',2,'Setup of the alert parameters of external systems via SNMP protocol',1),(780,1,'Внимание! Произошла ошибка при сохранении настроек для протокола SNMP. Попробуйте ещё раз.',2,'Attention! An error occured while saving the setting for SNMP protocol. Try again.',1),(781,1,'Настройки для протокола SNMP успешно сохранены',2,'Settings for SNMP protocol are successfully saved',1),(782,1,'Включение оповещений по SNMP',2,'Enable alerts via SNMP',1),(783,1,'Версия протокола',2,'Protocol version',1),(784,1,'Тип генерируемого сообщения',2,'Type of generated message',1),(785,1,'Время ожидания ответа',2,'Standby time',1),(786,1,'мс, используется только для типа генерируемого сообщения \"inform\"',2,'ms, used only for \"inform\" type of generated message',1),(787,1,'Идентификатор сервера',2,'Server identifier',1),(788,1,'Структура оповещения',2,'Alert structure',1),(789,1,'Код типа оповещения',2,'Code of alert type',1),(790,1,'Можете указать порядок следования параметров, перетащив их мышкой. Значения этих параметров - это целые уникальные числа.',2,'You can specify the sequence order of parameters dragging them with the mouse. Values of therse parameters are unique integers.',1),(791,1,'Идентификатор персоны',2,'Person identifier',1),(792,1,'Имя персоны',2,'Person\'s name',1),(793,1,'Номер фотографи персоны в базе',2,'Person\'s photo number in the database',1),(794,1,'Адрес камеры',2,'Camera address',1),(795,1,'Тип камеры',2,'Camera type',1),(796,1,'Время обнаружения',2,'Dtection time',1),(797,1,'Адрес изображения с камеры',2,'Image address from the camera',1),(798,1,'Адрес изображения из базы',2,'Image address from the database',1),(799,1,'Хост сервера',2,'Server host',1),(800,1,'на него отсылаются формируемые системой оповещения',2,'it receives the alerts formed by the system',1),(801,1,'Уникальный идентификатор объекта',2,'Unique object identifier',1),(802,1,'Время на сервере',2,'Server time',1),(803,1,'среднее',2,'average',1),(804,1,'мин.',2,'min',1),(805,1,'макc.',2,'max',1),(806,1,'макс.',2,'max',1),(807,1,'Обучение как шум',2,'Training as noise',1),(808,1,'Количество фотографий',2,'Number of photos',1),(809,1,'Извините, произошла внутренняя ошибка',2,'Sorry, an internal error occured',1),(810,1,'Подробнее',2,'More',1),(811,1,'Просмотреть все идентификации за текущий период',2,'View all identifications for the current period',1),(812,1,'Для камеры {} установлено автообучение.',2,'Auto training is set for camera {}.',1),(813,1,'Для камеры {} отключено автообучение.',2,'Auto training is off for camera {}.',1),(814,1,'Для камеры {} не удалось установить автообучение, попробуйте еще раз.',2,'Failed to set auto training for camera {}, try again.',1),(815,1,'Ошибка!',2,'Error!',1),(816,1,'Описание профиля',2,'Profile description',1),(817,1,'Автообучение',2,'Auto training',1),(818,1,'Детектирование лиц',2,'Face detection',1),(819,1,'Идентификация лиц',2,'Face identification',1),(820,1,'OK',2,'OK',1),(821,1,'Всего персон в базе',2,'Total persons in the database',1),(822,1,'Статья',2,'Article',1),(823,1,'Изолятор',2,'Isolation ward',1),(824,1,'ч.',2,'p.',1),(825,1,'п.',2,'it.',1),(826,1,'Всего камер',2,'Total cameras',1),(827,1,'Экспортировать фотографии {} из отфильтрованного списка?',2,'Export photos {} from the filtered list?',1),(828,1,'Вы действительно хотите перезапустить систему?',2,'Do you really want to restart the system?',1),(829,1,'Для применения сохраненных изменений требуется перезапустить систему. Перезапустить систему сейчас?',2,'The system must be restarted to apply the saved changes. Restart the system now?',1),(830,1,'Указан неверный период времени',2,'Incorrect time period is stated',1),(831,1,'Всего посетителей в базе',2,'Total visitors in the database',1),(832,1,'Документ',2,'Document',1),(833,1,'Главный вход',2,'Main entrance',1),(834,1,'Модератор',2,'Moderator',1),(835,1,'Календарь',2,'Calender',1),(836,1,'Введено слишком большое значение для параметра \'Яркость\'',2,'Too great value for parameter \'Brightness\' is entered',1),(837,1,'Введено слишком большое значение для параметра \'Резкость\'',2,'Too great value for parameter \'Sharpness\' is entered',1),(838,1,'Введено слишком большое значение для параметра \'Насыщенность\'',2,'Too great value for parameter \'Saturation\' is entered',1),(839,1,'Введено слишком большое значение для параметра \'Контраст\'',2,'Too great value for parameter \'Contrast\' is entered',1),(840,1,'Введено слишком большое значение для параметра \'Качество\'',2,'Too great value for parameter \'Quality\' is entered',1),(841,1,'Введённое значение для параметра \'Время экспозиции\' находится вне указанного диапазона',2,'The entered value for parameter \'Exposure time\' is out of the range',1),(842,1,'Напишите, пожалуйста, название звука',2,'Please, enter sound name',1),(843,1,'Выберите, пожалуйста, мелодию',2,'Please, select a tune',1),(844,1,'Звук успешно добавлен на событие',2,'Sound is successfully added to the event',1),(845,1,'Звук выключен',2,'Sound is off',1),(846,1,'Формат',2,'Format',1),(847,1,'Размер',2,'Size',1),(848,1,'Сигнал',2,'Signal',1),(849,1,'Частота кадров',2,'Frame frequency',1),(850,1,'Найдено лиц',2,'Faces found',1),(851,1,'Найдено людей',2,'People found',1),(852,1,'Найденные лица',2,'Faces found',1),(853,1,'Найденные люди',2,'People found',1),(854,1,'Всего источников',2,'Total sources',1),(855,1,'Выберите, пожалуйста, хотя бы одну фотографию персоны.',2,'Please, select at least one photo of a person.',1),(856,1,'Выберите, пожалуйста, хотя бы одну фотографию.',2,'Please, select at least one photo.',1),(857,1,'Выберите, пожалуйста, хотя бы одного пользователя.',2,'Please, select at least one user.',1),(858,1,'Выберите, пожалуйста, хотя бы одну карточку.',2,'Please, select at least one card.',1),(859,1,'Выберите, пожалуйста, хотя бы одного оператора.',2,'Please, select at least one operator.',1),(860,1,'Выберите, пожалуйста, хотя бы один ролик.',2,'Please, select at least one video.',1),(861,1,'Выберите, пожалуйста, хотя бы одну задачу.',2,'Please, select at least one task.',1),(862,1,'Вы, действительно, хотите удалить выбранных персон (',2,'Do you really want to delete the selected persons (',1),(863,1,'шт.',2,'pcs.',1),(864,1,'Вы, действительно, хотите удалить выбранные фотографии (',2,'Do you really want to delete the selected photos (',1),(865,1,'Вы, действительно, хотите удалить выбранныx операторов (',2,'Do you really want to delete the selected operators (',1),(866,1,'Вы, действительно, хотите удалить выбранное видео (',2,'Do you really want to delete the selected videos (',1),(867,1,'Вы, действительно, хотите удалить выбранные задачи (',2,'Do you really want to delete the selected tasks (',1),(868,1,'Сохранить выделенные фотографии (',2,'Save the selected photos (',1),(869,1,'Сохранить выделенное видео (',2,'Save the selected video (',1),(870,1,'Обучить выделенными фотографиями (',2,'Train with selected photos (',1),(871,1,'Вы, действительно, хотите удалить выбранных посетителей (',2,'Do you really want to delete the selected visitors (',1),(872,1,'Вы, действительно, хотите удалить выбранных сотрудников (',2,'Do you really want to delete the selected employees (',1),(873,1,'Вы, действительно, хотите удалить выбранных пользователей (',2,'Do you really want to delete the selected users (',1),(874,1,'Вы, действительно, хотите удалить выбранные карточки (',2,'Do you really want to delete the selected cards (',1),(875,1,'Вы, действительно, хотите удалить базу персон?',2,'Do you really want to delete the persons database?',1),(876,1,'Вы, действительно, хотите перезапустить систему?',2,'Do you really want to restart the system?',1),(877,1,'Вы, действительно, хотите перезагрузить компьютер?',2,'Do you really want to reboot the computer?',1),(878,1,'Камеры успешно добавлены',2,'Cameras are successfully added',1),(879,1,'Настройки успешно сохранены',2,'The settings are successfully saved',1),(880,1,'Настройки не сохранены',2,'The settings are not saved',1),(881,1,'Сохранить оригиналы выделенных роликов',2,'Save the selected original videos',1),(882,1,'Выберите, пожалуйста, хотя бы одно изображение.',2,'Please, select at least one image.',1),(883,1,'Скачать архив с фотографиями',2,'Download photo archive',1),(884,1,'Скачать архив с роликами',2,'Download video archive',1),(885,1,'вы можете',2,'you can',1),(886,1,'Формат времени',2,'Time format',1),(887,1,'часы : минуты : секунды',2,'hours : minutes : seconds',1),(888,1,'Всплывающая подсказка',2,'Bubble help',1),(889,1,'Архив',2,'Archive',1),(890,1,'Планировщик',2,'Scheduler',1),(891,1,'Процессы',2,'Processes',1),(892,1,'Задачи',2,'Tasks',1),(893,1,'Добавить задачу',2,'Add task',1),(894,1,'Нет источников для поиска',2,'No sources for search',1),(895,1,'Выберите источник',2,'Select a source',1),(896,1,'Выбрать',2,'Select ',1),(897,1,'Выбрать ещё',2,'Select more',1),(898,1,'Ролики успешно удалены',2,'Videos are successfully deleted',1),(899,1,'Произошла ошибка в роцессе удаления роликов',2,'An error occured while deleting videos',1),(900,1,'Внимание! Произошла ошибка.',2,'Attention! An error occured.',1),(901,1,'по:',2,'to:',1),(902,1,'Источник:',2,'Source:',1),(903,1,'Любой',2,'Any',1),(904,1,'Источники',2,'Sources',1),(905,1,'Январь',2,'January',1),(906,1,'Нд',2,'Week',1),(907,1,'Пн',2,'Mon',1),(908,1,'Вт',2,'Tue',1),(909,1,'Ср',2,'Wed',1),(910,1,'Чт',2,'Thu',1),(911,1,'Пт',2,'Fri',1),(912,1,'Сб',2,'Sat',1),(913,1,'Вс',2,'Sun',1),(914,1,'Февраль',2,'February',1),(915,1,'Март',2,'March',1),(916,1,'Апрель',2,'April',1),(917,1,'Май',2,'May',1),(918,1,'Июнь',2,'June',1),(919,1,'Июль',2,'July',1),(920,1,'Август',2,'August',1),(921,1,'Сентябрь',2,'September',1),(922,1,'Октябрь',2,'October',1),(923,1,'Ноябрь',2,'November',1),(924,1,'Декабрь',2,'December',1),(925,1,'Выбор источников',2,'Selecting sources',1),(926,1,'Удалить ролики за указанный период',2,'Delete videos over the specified period',1),(927,1,'Удалить ролики за период с',2,'Delete videos over the period from',1),(928,1,'с источника',2,'from the source',1),(929,1,'закрыть расширенный поиск',2,'close more search options',1),(930,1,'расширенный поиск',2,'more search options',1),(931,1,'Ваш браузер не поддерживает плавающие фреймы!',2,'Your browser doesn\'t support floating frames!',1),(932,1,'Всего найдено',2,'Total found',1),(933,1,'Общие параметры',2,'General parameters',1),(934,1,'Сигнал:',2,'Signal:',1),(935,1,'Интервал дат:',2,'Date interval:',1),(936,1,'Интервал времени:',2,'Time interval:',1),(937,1,'Целый день',2,'All day long',1),(938,1,'Ежедневно',2,'Daily',1),(939,1,'c',2,'from',1),(940,1,'Параметры для одного ролика',2,'Parameters for one video',1),(941,1,'Продолжительность:',2,'Duration:',1),(942,1,'Разрешение:',2,'Resolution:',1),(943,1,'Частота кадров:',2,'Frame frequency:',1),(944,1,'Кодек:',2,'Codec:',1),(945,1,'Имена людей в ролике',2,'Names of people in the video',1),(946,1,'Имя:',2,'Name:',1),(947,1,'ввести ещё',2,'enter more',1),(948,1,'Роликов на странице',2,'Videos on page',1),(949,1,'Сохранить оригинал',2,'Save original video',1),(950,1,'Импорт роликов',2,'Import of videos',1),(951,1,'Удалить найденные',2,'Delete found',1),(952,1,'Вы действительно хотите удалить найденные ролики?',2,'Do you really want to delete found videos?',1),(953,1,'Источник',2,'Source',1),(954,1,'Показать все ролики источника',2,'Show all videos of the source',1),(955,1,'до',2,'to',1),(956,1,'кадр/сек',2,'fr/s',1),(957,1,'Мб',2,'Mb',1),(958,1,'Параметры для экспорта роликов',2,'Parameters for video export',1),(959,1,'Подготовка роликов к сохранению...',2,'Preparing videos for saving...',1),(960,1,'Сохранение роликов',2,'Saving of videos',1),(961,1,'Сохранить архив с роликами',2,'Save video archive',1),(962,1,'Загрузка ролика для импорта',2,'Upload a video for importing',1),(963,1,'Загрузить',2,'Upload',1),(964,1,'Параметры для импорта ролика',2,'Parameters for video import',1),(965,1,'Производить',2,'Enable',1),(966,1,'Обрабатывать',2,'Process',1),(967,1,'Все кадры',2,'All frames',1),(968,1,'Каждый',2,'Every',1),(969,1,'кадр',2,'frame',1),(970,1,'Конвертировать',2,'Convert',1),(971,1,'Параметры конвертирования для одного ролика',2,'Conversion parameters for one video',1),(972,1,'Продолжительность',2,'Duration',1),(973,1,'Другая',2,'Other',1),(974,1,'Кодек',2,'Codec',1),(975,1,'Ролик добавлен',2,'Video is added',1),(976,1,'Ошибка добавления',2,'Adding error',1),(977,1,'Сохранение оригинала',2,'Saving of original video ',1),(978,1,'Записи',2,'Records',1),(979,1,'Ошибка завершения процесса',2,'Process termination error',1),(980,1,'Отправлен запрос на завершение процесса',2,'Request sent for process termination',1),(981,1,'Ожидание завершения',2,'Waiting for termination',1),(982,1,'Всего текущих процессов',2,'Total current processes',1),(983,1,'Журнал процессов',2,'Process log',1),(984,1,'Создать дубликать задачи',2,'Create task duplicate',1),(985,1,'не запустилась',2,'not started',1),(986,1,'запустилась',2,'started',1),(987,1,'ожидает выполнения',2,'waiting',1),(988,1,'Задача',2,'Task',1),(989,1,'Ошибка! Не удалось удалить задачу',2,'Error! Failed to delete the task',1),(990,1,'Всего задач',2,'Total tasks',1),(991,1,'Текущие процессы',2,'Current processes',1),(992,1,'Выполняются сейчас',2,'In progress',1),(993,1,'Ожидают выполнения',2,'Waiting',1),(994,1,'Не запустились',2,'Not run',1),(995,1,'Добавление/редактирование задачи',2,'Task adding/editing',1),(996,1,'Продолжительность ролика не может быть больше суток',2,'Vido length can\'t last more than 24 hours',1),(997,1,'Добавление задачи',2,'Task adding',1),(998,1,'Повторение',2,'Repetition',1),(999,1,'Рабочие дни',2,'Working days',1),(1000,1,'Выходные',2,'Days off',1),(1001,1,'Еженедельно',2,'Weekly',1),(1002,1,'выберите дни недели',2,'select days of week',1),(1003,1,'Интервал дат',2,'Date interval',1),(1004,1,'Постоянная запись',2,'Permament recording',1),(1005,1,'Интервал времени',2,'Time interval',1),(1006,1,'Часы',2,'Hours',1),(1007,1,'Минуты',2,'Minutes',1),(1008,1,'Всего записей в журнале процессов',2,'Total records in the process log',1),(1009,1,'Количество строк в таблице',2,'Number of lines in the table',1),(1010,1,'Окончание',2,'Finish',1),(1011,1,'Все ролики источника',2,'All videos of the source',1),(1012,1,'None',2,'None',1),(1013,1,'Перейти к роликам',2,'Go to videos',1),(1014,1,'Процесс остановлен',2,'The process is stopped',1),(1015,1,'Настройки видеоархива',2,'Video archive settings',1),(1016,1,'Архивы',2,'Archives',1),(1017,1,'Выберите камеру для добавления',2,'Select a camera for adding',1),(1018,1,'Добавить камеры',2,'Add cameras',1),(1019,1,'Редактировать название камеры',2,'Edit camera name',1),(1020,1,'Добавление камер',2,'Camera adding',1),(1021,1,'Всего камер для добавления',2,'Total cameras for adding',1),(1022,1,'Настройка интерфейса',2,'Setting of interface',1),(1023,1,'Выкл.',2,'Off',1),(1024,1,'Во время переключения FaceDetect обработка видео будет приостановлена',2,'Video processing will be paused during FaceDetect switching',1),(1025,1,'Тяжёлый',2,'Heavy',1),(1026,1,'Лёгкий',2,'Light',1),(1027,1,'Веселые шапки',2,'Funny hats',1),(1028,1,'Загрузите файл с настройками управляющей системы',2,'Upload a file with the control system settings',1),(1029,1,'Параметры не сохранены',2,'Parameters are not saved',1),(1030,1,'Параметр не применился',2,'The parameter isn\'t applied',1),(1031,1,'Не удалось запустить датчик',2,'Failed to start the sensor',1),(1032,1,'Скачать ролик',2,'Download this video',1),(1033,1,'Телефон',2,'Telephone',1),(1034,1,'Служебный',2,'Office',1),(1035,1,'Домашний',2,'Home',1),(1036,1,'Мобильный',2,'Mobile',1),(1037,1,'По умолчанию',2,'Default',1),(1038,1,'Модель объектива успешно удалена.',2,'The lens model is successfully deleted.',1),(1039,1,'Ошибка удаления модели объектива',2,'Lens model deleting error',1),(1040,1,'Загружаемые файлы будут добавляться с учётом дисторсии',2,'Uploaded files will be added due to distortion',1),(1041,1,'Дисторсия успешно сохранена.',2,'Distortion is successfully saved.',1),(1042,1,'Ошибка сохранения дисторсии',2,'Distortion saving error',1),(1043,1,'Обучение базы персон',2,'Person database training',1),(1044,2,'Обучение базы персон',2,'Person database training',1),(1045,1,'Добавление фотографий',2,'Photos adding',1),(1046,1,'Обучить с камеры',2,'Train from camera',1),(1047,1,'Исправить дисторсию',2,'Correct distortion',1),(1048,1,'Выбрать из списка',2,'Select from the list',1),(1049,1,'Модель объектива',2,'Lens model',1),(1050,1,'Удалить выбранную модель объектива',2,'Delete selected lens model',1),(1051,1,'Настроить вручную',2,'Manual configuration',1),(1052,1,'Настроить по картинке',2,'Set by picture',1),(1053,1,'Настроить дисторсию по картинке с камеры',2,'Set distortion by picture from the camera',1),(1054,1,'Сохранить значения',2,'Save values',1),(1055,1,'Сохранить введённые значения как модель объектива',2,'Save the entered values as a lens model',1),(1056,1,'Выберите файлы',2,'Select files',1),(1057,1,'из',2,'from',1),(1058,1,'Выбрать и загрузить файлы',2,'Select and upload files',1),(1059,1,'Загрузите файлы',2,'Upload files',1),(1060,1,'Идёт процесс обработки данных.',2,'Data processing.',1),(1061,1,'Пожалуйста, подождите.',2,'Please, wait.',1),(1062,1,'Сохранение значений дисторсии',2,'Saving of distortion values',1),(1063,1,'Введите модель объектива',2,'Enter lens model',1),(1064,1,'Удаление модели объектива',2,'Lens model deleting ',1),(1065,1,'Выбор камеры',2,'Selecting a camera',1),(1066,2,'Выбор камеры для обучения',2,'Selecting a camera for training',1),(1067,1,'Камера не выбрана',2,'Camera isn\'t selected',1),(1068,1,'Выбор',2,'Select',1),(1069,1,'Добавление фотографий с камеры',2,'Adding of photos from camera',1),(1070,1,'Закончить',2,'Finish',1),(1071,1,'Фотография',2,'Photo',1),(1072,1,'Добавление персоны',2,'Person adding',1),(1073,1,'Фотография персоны',2,'Person\'s photo',1),(1074,1,'Учётные данные',2,'Account data',1),(1075,1,'Номер дела',2,'Case number',1),(1076,1,'Часть',2,'Part',1),(1077,1,'Пункт',2,'Item',1),(1078,1,'Номер изолятора',2,'Isolation ward number',1),(1079,1,'Детектор включен',2,'Detector is on',1),(1080,1,'Настроить',2,'Set up',1),(1081,1,'Настроить детектор оставленных вещей',2,'Set up abandoned objects detector',1),(1082,1,'Создать фон',2,'Create background',1),(1083,1,'Можно создать новый фон, в том случае, если вы включили детектор',2,'New background can be created if the detector is on',1),(1084,1,'Детектор выключен',2,'Detector is off',1),(1085,1,'Настроить детектор отделения объектов от фона',2,'Set up detector of distinguishing objects from background',1),(1086,1,'Детектор огня',2,'Fire detector',1),(1087,1,'Настроить детектор огня',2,'Set up fire detector',1),(1088,1,'Настройки детектора оставленных вещей',2,'Abandoned objects detector settings',1),(1089,1,'Чувствительность',2,'Sensitivity',1),(1090,1,'Разница в цвете для обнаружения объекта',2,'Colour difference for object detection',1),(1091,1,'Разница в яркости для обнаружения объекта',2,'Brightness difference for object detection',1),(1092,1,'Разница яркости для обнаружения движения',2,'Brightness difference for motion detection',1),(1093,1,'Процент заполнения сегмента объектом',2,'Percentage of segment filling with object',1),(1094,1,'Процент заполнения сегмента движением',2,'Percentage of segment filling with motion',1),(1095,1,'Настройки детектора отделения объектов от фона',2,'Settings of detector of distinguishing objects from background',1),(1096,1,'Размер блока',2,'Block size',1),(1097,1,'Размер блока в кодовой книге',2,'Block size in the codebook',1),(1098,1,'Поправки границ блока',2,'Block borders corrections',1),(1099,1,'Для нулевого канала',2,'For Channel 0',1),(1100,1,'снизу',2,'at the bottom',1),(1101,1,'сверху',2,'at the top',1),(1102,1,'Для первого канала',2,'For Channel 1',1),(1103,1,'Для второго канала',2,'For Channel 2',1),(1104,1,'Поправки границ блока в кодовой книге для каждого канала (окресность при классификации)',2,'Channel block borders corrections in the codebook',1),(1105,1,'Порог при обучении фона',2,'Background training threshold',1),(1106,1,'Если больше порога, то обучаем данный пиксель, иначе не обучаем',2,'If the threshold is exceeded, the pixel is trained, otherwise it isn\'t',1),(1107,1,'Скорость обучения',2,'Training speed',1),(1108,1,'Коэффициент в алгоритме скользящих средних, при изменении весов пикселей',2,'Rate in the moving average algorithm, if pixel weights are changed',1),(1109,1,'Уровень аппроксимации',2,'Approximation level',1),(1110,1,'Чем больше значение, тем аппроксимация более грубая',2,'The greater value is, the rougher approximation is',1),(1111,1,'Уровень морфологической обработки',2,'Morphological processing level',1),(1112,1,'Чем больше значение, тем грубее обработка (больше эррозия)',2,'The greater value is, the  rougher processing is (higher erosion) ',1),(1113,1,'Минимальное количество пикселей, для того, чтобы утверждать, что обнаружили объект в блоке',2,'Minimum number of pixels to claim that an object is found in the block',1),(1114,1,'Режимы детектора',2,'Detector modes',1),(1115,1,'Режим автообучения',2,'Auto training mode',1),(1116,1,'Включён',2,'On',1),(1117,1,'Выключен',2,'Off',1),(1118,1,'Используется если включён режим классификации',2,'Used if classification mode is enabled',1),(1119,1,'Режим морфологического преобразования',2,'Morphological conversion mode',1),(1120,1,'Режим морфологического преобразования результатов работы алгоритма',2,'Mode of morphological conversion of algorithm output ',1),(1121,1,'Режим выделения связных компонент',2,'Mode of connected components selecting',1),(1122,1,'Режим выделения связных компонент результатов работы алгоритма',2,'Mode of connected components selecting of algorithm output',1),(1123,1,'Настройки детектора огня',2,'Fire detector settings',1),(1124,1,'Процент огня в блоке',2,'Fire percentage in the block',1),(1125,1,'Порог интенсивности изменения пикселя',2,'Threshold of pixel intensity change',1),(1126,1,'Для того, чтобы считать его огнём',2,'To consider it fire',1),(1127,1,'Вы действительно хотите удалить выбранных персон (',2,'Do you really want to delete the selected persons (',1),(1128,1,'Вы действительно хотите удалить выбранные фотографии (',2,'Do you really want to delete the selected photos (',1),(1129,1,'Вы действительно хотите удалить выбранныx операторов (',2,'Do you really want to delete the selected operators (',1),(1130,1,'Вы действительно хотите удалить выбранное видео (',2,'Do you really want to delete the selected videos (',1),(1131,1,'Вы действительно хотите удалить выбранные задачи (',2,'Do you really want to delete the selected tasks (',1),(1132,1,'Вы действительно хотите удалить выбранных посетителей (',2,'Do you really want to delete the selected visitors (',1),(1133,1,'Вы действительно хотите удалить выбранных сотрудников (',2,'Do you really want to delete the selected employees (',1),(1134,1,'Вы действительно хотите удалить выбранных пользователей (',2,'Do you really want to delete the selected users (',1),(1135,1,'Вы действительно хотите удалить выбранные карточки (',2,'Do you really want to delete the selected cards (',1),(1136,1,'Вы действительно хотите удалить базу персон?',2,'Do you really want to delete the persons database?',1),(1137,1,'Вы действительно хотите перезагрузить компьютер?',2,'Do you really want to reboot the computer?',1),(1138,1,'Запись',2,'Record',1),(1139,1,'Детектирование лица',2,'Face detection',1),(1140,1,'Движение',2,'Motion',1),(1141,1,'Запись по датчику',2,'Sensor record',1),(1142,1,'Предыдущая',2,'Previous',1),(1143,1,'Следующая',2,'Next',1),(1144,1,'Страница',2,'Page',1),(1145,1,'Перейти',2,'Go',1),(1146,1,'import',2,'import',1),(1147,1,'Просмотр ролика',2,'Video view',1),(1148,1,'Автообученные',2,'Auto trained',1),(1149,1,'Cотрудники',2,'Employees',1),(1150,1,'Оперативный розыск',2,'Operative search',1),(1151,1,'Важная персона',2,'VIP',1),(1152,1,'Руководство',2,'Administration',1),(1153,1,'Технический персонал',2,'Technical staff',1),(1154,1,'Террористы',2,'Terrorists',1),(1155,1,'Test',2,'Test',1),(1156,1,'Test Visitors',2,'Test Visitors',1),(1157,1,'Test Persons',2,'Test Persons',1),(1158,1,'всего',2,'Total',1),(1159,1,'Подследственный',2,'Person under investigation',1),(1160,1,'Опасен',2,'Dangerous',1),(1161,1,'Осужденный',2,'Convict',1),(1162,1,'Особо опасен',2,'Specially dangerous\r\n',1),(1163,1,'Рецидивист',2,'Habitual offender',1),(1164,1,'а',2,'',0),(1165,1,'б',2,'',0),(1166,1,'в',2,'',0),(1167,1,'г',2,'',0),(1168,1,'д',2,'',0),(1169,1,'е',2,'',0),(1170,1,'ж',2,'',0),(1171,1,'з',2,'',0),(1172,1,'и',2,'',0),(1173,1,'к',2,'',0),(1174,1,'л',2,'',0),(1175,1,'м',2,'',0),(1176,1,'н',2,'',0),(1177,1,'о',2,'',0),(1178,1,'п',2,'',0),(1179,1,'р',2,'',0),(1180,1,'т',2,'',0),(1181,1,'у',2,'',0),(1182,1,'ф',2,'',0),(1183,1,'х',2,'',0),(1184,1,'ц',2,'',0),(1185,1,'ч',2,'',0),(1186,1,'ш',2,'',0),(1187,1,'щ',2,'',0),(1188,1,'э',2,'',0),(1189,1,'ю',2,'',0),(1190,1,'я',2,'',0),(1191,1,'Вырезанные лица',2,'Cropped faces',1),(1192,1,'Пожалуйста, выберите лица, которыми хотите обучить, и нажмите на кнопку <strong>\"Продолжить обучение\"</strong>',2,'Please, select faces to be trained, and press the button <strong>\"Continue training\"</strong>',1),(1193,1,'Только выделенные',2,'Selected only',1),(1194,1,'Продолжить обучение',2,'Continue training',1),(1195,1,'Результаты обучения',2,'Training results',1),(1196,1,'После просмотра результата нажмите на кнопку <strong>\"Завершить обучение\"</strong>',2,'After viewing the results, press the button <strong>\"Finish training\"</strong>',1),(1197,1,'Обученные',2,'Trained',1),(1198,1,'Необученные',2,'Untrained',1),(1199,1,'Всего лиц',2,'Total faces',1),(1200,1,'Успешно обучено',2,'Trained succsessfully',1),(1201,1,'Завершить обучение',2,'Finish training',1),(1202,1,'Автообученный',2,'Auto trained',1),(1203,1,'Адвокат',2,'Lawyer',1),(1204,1,'Паспорт',2,'Passport',1),(1205,1,'Родственник',2,'Relative',1),(1206,1,'Следователь',2,'Investigator',1),(1207,1,'Личные вопросы',2,'Personal issues',1),(1208,1,'Посещение',2,'Formal visit',1),(1209,1,'Допрос',2,'Interrogation',1),(1210,1,'Свидание',2,'Visit',1),(1211,1,'Ремонтные работы',2,'Repair work',1),(1212,1,'Следственный эксперимент',2,'Investigative experiment',1),(1213,1,'Очная ставка',2,'Confrontation',1),(1214,1,'Профиль для AV1300',2,'Profile for AV1300',1),(1215,1,'Логин может содержать только латинские буквы, цифры и знак подчёркивания.',2,'Username can contain only latin characters, numbers and underscore.',1),(1216,1,'Введите пароль.',2,'Enter password.',1),(1217,1,'Введите фамилию пользователя.',2,'Enter user\'s surname.',1),(1218,1,'Фамилия должна содержать не менее 2 символов.',2,'Surname must contain not less than 2 characters.',1),(1219,1,'Фамилия должна содержать не более 30 символов.',2,'Surname must contain not more than 30 characters.',1),(1220,1,'Введите имя пользователя.',2,'Enter user\'s name.',1),(1221,1,'Имя должно содержать не менее 2 символов.',2,'Name must contain not less than 2 characters.',1),(1222,1,'Имя должно содержать не более 30 символов.',2,'Name must contain not more than 30 characters.',1),(1223,1,'Отчество должно содержать не менее 2 символов.',2,'Second name must contain not less than 2 characters.',1),(1224,1,'Отчество должно содержать не более 32 символов.',2,'Second name must contain not more than 32 characters.',1),(1225,1,'Введённые пароли не совпадают.',2,'The entered passwords do not coincide.',1),(1226,1,'Доступ запрещен',2,'Access denied',1),(1227,1,'Поля, отмеченные звёздочкой (<span class=\'req\'>*</span>), являются обязательными для заполнения.',2,'The fields marked with (<span class=\'req\'>*</span>) are mandatory.',1),(1228,1,'Поля, отмеченные звёздочкой (<span class=\\\"req\\\">*</span>), являются обязательными для заполнения.',2,'The fields marked with (<span class=\\\"req\\\">*</span>) are mandatory.',1),(1229,1,'Поля, отмеченные звёздочкой (<span>*</span>), являются обязательными для заполнения.',2,'The fields marked with (<span>*</span>) are mandatory.',1),(1230,1,'Добавление сотрудника',2,'Employee adding',1),(1231,1,'Фотография сотрудника',2,'Employee\'s photo',1),(1232,1,'VIP - персона',2,'VIP',1),(1233,1,'Секретарь',2,'Secretary',1),(1234,1,'Создать дубликат задачи',2,'Create task duplicate',1),(1235,1,'Статус RAID',2,'RAID status',1),(1236,1,'Информация о ролике',2,'Video information',1),(1237,1,'Посетители',2,'Visitors',1),(1238,1,'Поля, отмеченные звёздочкой',2,'Fileds marked with an asterisk',1),(1239,1,'являются обязательными для заполнения',2,'are mandatory',1),(1240,1,'Пожалуйста, выберите лица, которыми хотите обучить, и нажмите на кнопку',2,'Please, select faces to be trained and press the button',1),(1241,1,'После просмотра результата нажмите на кнопку',2,'After viewing the result press the button',1),(1242,1,'Просмотр записей с',2,'View records from',1),(1243,1,'Посмотреть кадр',2,'View frame',1),(1244,1,'Оставленные вещи',2,'Abandoned objects',1),(1245,1,'Идёт применение параметра',2,'Applying parameter',1),(1246,1,'Частота (параметр недоступен)',2,'Frequency (unavailable parameter)',1),(1247,1,'являются обязательными для заполнения.',2,'are mandatory.',1),(1248,1,'Время обновления записи в журнале',2,'Time of record update in the log',1),(1249,1,'Аналитика УС',2,'CS analytics',1),(1250,1,'Всего событий',2,'Total events',1),(1251,1,'Действия с системой',2,'Operations with system',1),(1252,1,'Обновление системы',2,'System update',1),(1253,1,'Обновление версии с 3.1.688 по 4.1.1402',2,'Version update from 3.1.688 to 4.1.1402',1),(1254,1,'Аварийная ситуация',2,'Emergency',1),(1255,1,'Авария компонентов',2,'Components crash',1),(1256,1,'Демон Skin Detection Daemon 192.168.0.75:18000 на балансировщике 127.0.0.1:16545 недоступен',2,'',0),(1257,1,'Коммуникатор 192.168.0.123:13600 недоступен',2,'Communicator 192.168.0.123:13600 is unavailable',1),(1258,1,'Коммуникатор 192.168.0.154:12600 недоступен',2,'Communicator 192.168.0.154:12600 is unavailable',1),(1259,1,'Камера 192.168.0.122 WEB_0 недоступна',2,'Camera 192.168.0.122 WEB_0 is unavailable',1),(1260,1,'Камера 192.168.0.179 WEB_0 недоступна',2,'Camera 192.168.0.179 is unavailable',1),(1261,1,'Информационное сообщение',2,'Information message',1),(1262,1,'Начало тестирования',2,'Test start',1),(1263,1,'Вы, действительно, хотите включить демона',2,'Do you really want to switch on the daemon',1),(1264,1,'Вы, действительно, хотите выключить демона',2,'Do you really want to switch off the daemon',1),(1265,1,'Вы, действительно, хотите включить балансировщик',2,'Do you really want to switch on the balancer',1),(1266,1,'Вы, действительно, хотите выключить балансировщик',2,'Do you really want to switch off the balancer',1),(1267,1,'График',2,'Graph',1),(1268,1,'Неактивен',2,'Inactive',1),(1269,1,'Нажмите, если хотите выключить',2,'Press, if you want to switch off',1),(1270,1,'минимальное время за секунду',2,'min time per second',1),(1271,1,'максимальное время за секунду',2,'max time per second',1),(1272,1,'среднее время за секунду',2,'average time per second',1),(1273,1,'Результат последнего тестирования',2,'Latest test result',1),(1274,1,'количество итераций',2,'number of iterations',1),(1275,1,'количество потоков',2,'number of streams',1),(1276,1,'Тестировать',2,'Test',1),(1277,1,'Торговые центры',2,'Shopping centres',1),(1278,1,'Москва',2,'Moscow',1),(1279,1,'Помещение',2,'Room',1),(1280,1,'Торговый центр',2,'Shopping centre',1),(1281,1,'Терминал',2,'Terminal',1),(1282,1,'Редактирование данных терминала',2,'Editing of terminal data',1),(1283,1,'Удаление терминала',2,'Terminal deleting',1),(1284,1,'Удалить терминал со всеми камерами?',2,'Delete the terminal with all cameras?',1),(1285,1,'Удалить терминал',2,'Delete terminal',1),(1286,1,'Пожалуйста, добавьте сначала терминал',2,'Please, add terminal first',1),(1287,1,'Добавление камеры',2,'Camera adding',1),(1288,1,'Изменить',2,'Edit',1),(1289,1,'видимости',2,'visibility',1),(1290,1,'детектирования',2,'detection',1),(1291,1,'распознавания',2,'recognition',1),(1292,1,'Редактирование данных камеры',2,'Editing of camera data',1),(1293,1,'Удалить камеру?',2,'Delete the camera?',1),(1294,1,'Добавить карту',2,'Add map',1),(1295,1,'Пожалуйста, выберите файл формата .jpg .png или .gif',2,'Please, select .jpg or .gif file',1),(1296,1,'Пожалуйста, заполните карту',2,'Please, fill in the map',1),(1297,1,'<option value=\"1\" selected=\"selected\">Москва</option> <option value=\"2\" >Testing</option>',2,'<option value=\"1\" selected=\"selected\">Moscow</option> <option value=\"2\" >Testing</option>',0),(1298,1,'<option value=\"0\">--- Select type ---</option> <option value=\"1\" selected=\"selected\">Торговые центры</option>',2,'<option value=\"0\">--- Select type ---</option> <option value=\"1\" selected=\"selected\">Shopping centres</option>',0),(1299,1,'<option value=\"0\">--- Select object ---</option> <option value=\"2\" >Помещение</option> <option value=\"1\" selected=\"selected\">Торговый центр</option>',2,'<option value=\"0\">--- Select object ---</option> <option value=\"2\" >Room</option> <option value=\"1\" selected=\"selected\">Shopping centre</option>',0),(1300,1,'Очистить карту',2,'Clear map',1),(1301,1,'Сохранить расположение',2,'Save location',1),(1302,1,'Редактировать',2,'Edit',1),(1303,1,'Выберите файл с настройками.',2,'Select configuration file.',1),(1304,1,'Добавьте сервер с настройками.',2,'Add server with settings.',1),(1305,1,'Удалить \'Сервер {}\' из настроек',2,'Delete \'Server {}\' from settings',1),(1306,1,'Сервер',2,'Server',1),(1307,1,'из настроек',2,'from settings',1),(1308,1,'Видеокарты',2,'Video cards',1),(1309,1,'Шаг 1 из 3',2,'Step 1 of 3',1),(1310,1,'Шаг 2 из 3',2,'Step 2 of 3',1),(1311,1,'Загрузить файл',2,'Upload file',1),(1312,1,'Файл с настройками',2,'Configuration file',1),(1313,1,'Добавить сервер',2,'Add server',1),(1314,1,'По кнопке \"Завершить\" будет перезапущена управляющая система, и вы перейдёте к настройкам камер.',2,'Pressing \"Finish\" button leads to restart of the control system and you will go to camera settings.',1),(1315,1,'Последний успешный запуск',2,'Latest successful run',1),(1316,1,'№ ролика',2,'Video No.',1),(1317,1,'Все ролики процесса',2,'All videos of process',1),(1318,1,'Иванов И.И.',2,'Ivanov I. I.',1),(1319,1,'Ожидание старта',2,'Waiting for start',1),(1320,1,'Найдено изменений',2,'Changes found',1),(1321,1,'Всего изображений',2,'Total images',1),(1322,1,'<option value=\"1\" selected=\"selected\">Moscow</option> <option value=\"2\" >Testing</option>',2,'',0),(1323,1,'<option value=\"0\">--- Select type ---</option> <option value=\"1\" selected=\"selected\">Shopping centres</option>',2,'',0),(1324,1,'<option value=\"0\">--- Select object ---</option> <option value=\"2\" >Room</option> <option value=\"1\" selected=\"selected\">Shopping centre</option>',2,'',0),(1325,1,'<option value=\"1\">Shopping centres</option> <option value=\"\">-- Other type ---</option>',2,'',0),(1326,1,'Map',2,'Map',1),(1327,1,'Shop',2,'Shop',1),(1328,1,'<option value=\"3\" selected=\"selected\">Map</option> <option value=\"1\" >Moscow</option> <option value=\"2\" >Testing</option>',2,'',0),(1329,1,'<option value=\"0\">--- Select object ---</option> <option value=\"4\" selected=\"selected\">Shop</option>',2,'',0),(1330,1,'Терминал &quot;Оксион&quot;',2,'Terminal &quot;Oxion&quot;',1),(1331,1,'Терминал &quot;Оксион&quot; 2',2,'Terminal &quot;Oxion&quot; 2',1),(1332,1,'Терминал &quot;Digital Signage&quot;',2,'Terminal &quot;Digital Signage&quot;',1),(1333,1,'Юг',2,'South',1),(1334,1,'Север',2,'North',1),(1335,1,'Запад',2,'West',1),(1336,1,'Восток',2,'East',1),(1337,1,'<option value=\"1\">Терминал &quot;Оксион&quot;</option> <option value=\"2\">Терминал &quot;Оксион&quot; 2</option> <option value=\"3\">Терминал &quot;Digital Signage&quot;</option>',2,'<option value=\"1\">Terminal &quot;Оксион&quot;</option> <option value=\"2\">Terminal &quot;Oxion&quot; 2</option> <option value=\"3\">Terminal &quot;Digital Signage&quot;</option>',0),(1338,1,'<option value=\"1\">Юг</option> <option value=\"2\">Север</option> <option value=\"3\">Запад</option> <option value=\"4\">Восток</option>',2,'<option value=\"1\">South</option> <option value=\"2\">North</option> <option value=\"3\">West</option> <option value=\"4\">East</option>',0),(1339,1,'<option value=\"1\">Юг</option> <option value=\"2\">Север</option> <option value=\"3\">West</option> <option value=\"4\">East</option>',2,'',0),(1340,1,'<option value=\"1\">Юг</option> <option value=\"2\">North</option> <option value=\"3\">West</option> <option value=\"4\">East</option>',2,'',0),(1341,1,'Terminal №1',2,'Terminal №1',1),(1342,1,'Lens12.0',2,'Lens12.0',1),(1343,1,'Lens4.0',2,'Lens4.0',1),(1344,1,'Lens2.0',2,'Lens2.0',1),(1345,1,'Наименование терминала',2,'Terminal name',1),(1346,1,'<option value=\"3\">Terminal №1</option>',2,'',0),(1347,1,'характеристики',2,'specifications',1),(1348,1,'Фокальное число',2,'Focal number',1),(1349,1,'Угол обзора',2,'Viewing angle',1),(1350,1,'Дальность (в метрах)',2,'Range (meters)',1),(1351,1,'Видимые объекты',2,'Visible objects',1),(1352,1,'Ошибка соединения',2,'Connection error',1),(1353,1,'<option selected=\"selected\" value=\"3\">Terminal №1</option>',2,'',0),(1354,1,'<option selected=\"selected\" value=\"1\">Юг</option> <option value=\"2\">North</option> <option value=\"3\">West</option> <option value=\"4\">East</option>',2,'',0),(1355,1,'Сетевой адрес',2,'Network address',1),(1356,1,'Вы действительно хотите включить демона',2,'Do you really want to switch on the daemon',1),(1357,1,'Вы действительно хотите выключить демона',2,'Do you really want to switch off the daemon',1),(1358,1,'Вы действительно хотите включить балансировщик',2,'Do you really want to switch on the balancer',1),(1359,1,'Вы действительно хотите выключить балансировщик',2,'Do you really want to switch off the balancer',1),(1360,1,'<option value=\"3\" >Map</option> <option value=\"1\" selected=\"selected\">Moscow</option> <option value=\"2\" >Testing</option>',2,'',0),(1361,1,'Перейти к настройкам камеры',2,'Go to camera settings',1),(1362,1,'от производителя',2,'manufacturer',1),(1363,1,'Добавить балансировщик к управляющей системе',2,'Add balancer to control system',1),(1364,1,'Удалить все балансировщики управляющей системы',2,'Delete all balancers of control system',1),(1365,1,'Сделать дубликат балансировщиков',2,'Duplicate balancers',1),(1366,1,'Переименовать настройки балансировщиков',2,'Rename balancers settings',1),(1367,1,'Балансировщики',2,'Balancers',1),(1368,1,'Добавить настройку управляющей системы',2,'Add control system setting',1),(1369,1,'Удалить все настройки управляющей системы',2,'Delete all control system settings',1),(1370,1,'Сделать дубликат настройки/Группы настроек',2,'Duplicate setting/Settings groups',1),(1371,1,'Переименовать настройку/Группу настроек',2,'Rename setting/Settings group',1),(1372,1,'Настройки управляющей системы',2,'Control system settings',1),(1373,1,'Добавить настройку к балансировщику',2,'Add setting to balancer',1),(1374,1,'Удалить балансировщик из управляющей системы',2,'Delete balancer from control system',1),(1375,1,'Переименовать настройки балансировщика',2,'Rename balancer settings',1),(1376,1,'Удалить параметр',2,'Delete parameter',1),(1377,1,'Сделать дубликат параметра',2,'Duplicate parameter ',1),(1378,1,'Переименовать параметр',2,'Rename parameter',1),(1379,1,'Внимание! Произошла ошибка. Параметр не может быть удалён.',2,'Attention! An error occured. Parameter can\'t be deleted.',1),(1380,1,'Произошла ошибка при сохранении настроек.',2,'An error occured while saving settings.',1),(1381,1,'Произошла ошибка при сохранении и применении настроек.',2,' An error occured while saving and applying settings.',1),(1382,1,'Переименованы не все параметры. Проверьте список запрещенных к изменению параметров.',2,'Not all parameters are renamed. Check the list of parameters forbidden to change.',1),(1383,1,'Внимание! Произошла ошибка. Параметр не может быть переименован.',2,'Attention! An error occured. Parameter can\'t be renamed.',1),(1384,1,'Внимание! Произошла ошибка. Параметр не может быть скопирован.',2,'Attention! An error occured. Parameter can\'t be copied.',1),(1385,1,'Параметр успешно удалён.',2,'Parameter is successfully deleted.',1),(1386,1,'Параметр успешно переименован.',2,'Parameter is successfully renamed.',1),(1387,1,'Параметр успешно скопирован.',2,'Parameter is successfully copied.',1),(1388,1,'Данные пользователя',2,'User data',1),(1389,1,'Настройки для пользователя',2,'User settings',1),(1390,1,'База',2,'Base',1),(1391,1,'Настройки успешно сохранились и применились.',2,'Settings are successfully saved and applied.',1),(1392,1,'Система перезапущена.',2,'The system is restarted.',1),(1393,1,'Настройки успешно сохранились.',2,'Settings are successfully saved.',1),(1394,1,'Произошла ошибка перезапуска системы.',2,'System restart error occured.',1),(1395,1,'Ошибка перезапуска системы.',2,'System restart error.',1),(1396,1,'Заблокировать пользователя',2,'Block user',1),(1397,1,'заблокирован',2,'blocked',1),(1398,1,'Изображение (параметр недоступен)',2,'Image (unavailable parameter)',1),(1399,1,'Режим освещения (параметр недоступен)',2,'Lighting mode (unavailable parameter)',1),(1400,1,'Режим низкой освещённости (параметр недоступен)',2,'Low light mode (unavailable parameter)',1),(1401,1,'Фамилия Имя Отчество',2,'Surname Name Second name',1),(1402,1,'Выберите группу для обучения персоны из журнала или найдите персону для дообучения',2,'Select a group for person training or find a person for additional training',1),(1403,1,'Не обучено',2,'Not trained',1),(1404,1,'Результат обучения',2,'Training result',1),(1405,1,'Всего обученных лиц',2,'Total trained faces',1),(1406,1,'Редактирование списка',2,'List editing',1),(1407,1,'Обучение не удалось.',2,'Training failed.',1),(1408,1,'не найдена',2,'is not found',1),(1409,1,'Обучение прошло успешно.',2,'Training is successfully completed.',1),(1410,1,'недоступна.',2,'unavailable.',1),(1411,1,'Параметры успешно применены.',2,'Parameters are successfully applied.',1),(1412,1,'Параметры не применены.',2,'Parameters are not applied.',1),(1413,1,'<ul class=\"errorlist\"><li>This field is required.</li></ul>',2,'',0),(1414,1,'<ul class=\"errorlist\"><li>Пользователь с таким именем уже существует</li></ul>',2,'',0),(1415,1,'Пароли не совпадают',2,'Passwords do not coincide',1),(1416,1,'Введено некорректное значение.',2,'Incorrect value is entered.',1),(1417,1,'Недопустимое количество введённых символов.',2,'Invalid number of entered characters.',1),(1418,1,'Логин может содержать только латинские буквы, цифры и знаки подчёркивания.',2,'Username can contain only latin characters, numbers and underscores.',1),(1419,1,'Детектор дыма',2,'Smoke detector',1),(1420,1,'Настроить детектор дыма',2,'Set up smoke detector',1),(1421,1,'Настройки детектора дыма',2,'Smoke detector settings',1),(1422,1,'Коэффициент в алгоритме скользящих средних, при изменении весов пикселей.',2,'Rate in the moving average algorithm, if pixel weights are changed.	',1),(1423,1,'Для того, чтобы считать его дымом.',2,'To consider it smoke.',1),(1424,1,'<option value=\"1\" selected=\"selected\">Moscow</option>',2,'',0),(1425,1,'<option value=\"0\">--- Select object ---</option> <option value=\"1\" selected=\"selected\">Shopping centre</option>',2,'',0),(1426,1,'Sankt-Peterburg',2,'',0),(1427,1,'Railways station',2,'',0),(1428,1,'<option value=\"2\" selected=\"selected\">Sankt-Peterburg</option> <option value=\"1\" >Moscow</option>',2,'',0),(1429,1,'<option value=\"0\">--- Select object ---</option> <option value=\"2\" selected=\"selected\">Railways station</option>',2,'',0),(1430,1,'<option value=\"1\">Terminal &amp;quot;Oxion&amp;quot;</option> <option value=\"2\">Terminal &amp;quot;Oxion&amp;quot; 2</option> <option value=\"3\">Terminal &amp;quot;Digital Signage&amp;quot;</option>',2,'',0),(1431,1,'<option value=\"1\">South</option> <option value=\"2\">North</option> <option value=\"3\">West</option> <option value=\"4\">East</option>',2,'',0),(1432,1,'<option value=\"1\">Terminal №1</option>',2,'',0),(1433,1,'Просмотреть все лица за текущий период',2,'View all faces for the current period',1),(1434,1,'<option selected=\"selected\" value=\"1\">Terminal №1</option>',2,'',0),(1435,1,'<option selected=\"selected\" value=\"1\">South</option> <option value=\"2\">North</option> <option value=\"3\">West</option> <option value=\"4\">East</option>',2,'',0),(1436,1,'Установленные камеры',2,'Installed cameras',1),(1437,1,'<option value=\"1\">South</option> <option selected=\"selected\" value=\"2\">North</option> <option value=\"3\">West</option> <option value=\"4\">East</option>',2,'',0),(1438,1,'Демон DU Daemon (FD-FR-FS) 127.0.0.1:20002 на балансировщике 127.0.0.1:16545 недоступен',2,'',0),(1439,1,'Камера 192.168.0.246 BEWARD недоступна',2,'',0),(1440,1,'Камера 192.168.0.14 AV2105 недоступна',2,'',0),(1441,1,'Камера 192.168.0.15 AV2100 недоступна',2,'',0),(1442,1,'Обновление версии с 4.1.1400 по 4.1.1450',2,'Version update from 4.1.1400 to 4.1.1450',1),(1443,1,'Обновление версии с 3.1.688 по 4.1.1400',2,'Version update from 3.1.688 to 4.1.1400',1),(1444,1,'Обновление версии с 4.1.1400 по 4.1.1452',2,'Version update from 4.1.1400 to 4.1.1452',1),(1445,1,'Количество посетителей',2,'Number of visitors',1),(1446,1,'Нет изображения с камеры',2,'No camera image',1),(1447,1,'Ошибка подключение к демону видеоархива, демон 192.168.0.123:12700',2,'Connection error to video archive daemon, daemon 192.168.0.123:12700',1),(1448,1,'Количество сотрудников',2,'Number of employees',1),(1449,1,'Количество найденных персон',2,'Number of found persons',1),(1450,1,'Количество найденных сотрудников',2,'Number of found employees',1),(1451,1,'Количество записей',2,'Number of records',1),(1452,1,'из них идентифицировано',2,'identified',1),(1453,1,'Количество найденных записей',2,'Number of found records',1),(1454,1,'Количество пользователей',2,'Number of users',1),(1455,1,'Количество найденных пользователей',2,'Number of found users',1),(1456,1,'Количество событий',2,'Number of events',1),(1457,1,'Коммуникатор 192.168.0.199:12600 недоступен',2,'Communicator 192.168.0.199:12600 is unavailable',1),(1458,1,'Обновление версии с 4.1.1400 по 4.1.1465',2,'Version update from 4.1.1400 to 4.1.1465',1),(1459,1,'Количество найденных событий',2,'Number of found events',1),(1460,1,'Вологда',2,'Vologda',1),(1461,1,'<option value=\"2\" >Sankt-Peterburg</option> <option value=\"3\" >Вологда</option> <option value=\"1\" selected=\"selected\">Moscow</option>',2,'',0),(1462,1,'Количество роликов',2,'Number of videos',1),(1463,1,'Количество найденных роликов',2,'Number of found videos',1),(1464,1,'Количество текущих процессов',2,'Number of current processes',1),(1465,1,'Количество задач',2,'Number of tasks',1),(1466,1,'Количество камер',2,'Number of cameras',1),(1467,1,'Добавление посетителя',2,'Visitor adding',1),(1468,1,'Фотография посетителя',2,'Visitor\'s photo',1),(1469,1,'Обновление версии с 4.1.1400 по 4.1.1468',2,'Version update from 4.1.1400 to 4.1.1468',1),(1470,1,'<option value=\"2\" >Sankt-Peterburg</option> <option value=\"3\" >Vologda</option> <option value=\"1\" selected=\"selected\">Moscow</option>',2,'',0),(1471,1,'История изменений',2,'Change history',1),(1472,1,'Идёт процесс обработки данных для тестирования производительности.',2,'Processing data for performance testing.',1),(1473,1,'Пожалуйста подождите.',2,'Please, wait.',1),(1474,1,'Сессия',2,'Session',1),(1475,1,'Автом. обучение',2,'Autom. training',1),(1476,1,'Коммуникатор 192.168.0.123:12600 недоступен',2,'Communicator 192.168.0.123:12600 is unavailable',1),(1477,1,'Коммуникатор 192.168.0.165:12600 недоступен',2,'Communicator 192.168.0.165:12600 is unavailable',1),(1478,1,'Для получения результатов тестирования производительности нажмите кнопку',2,'To see the results of performance testing press the button',1),(1479,1,'Идет запись',2,'Recording',1),(1480,1,'Ожидание сигнала',2,'Signal waiting',1),(1481,1,'Загрузить файлы',2,'Upload files',1),(1482,1,'ФИО пользователя системы',2,'System user\'s full name',1),(1483,1,'Введено некорректное значение',2,'Incorrect value is entered',1),(1484,1,'Введено слишком большое смещение по горизонтали',2,'Too great value for horizontal shift is entered',1),(1485,1,'Введено слишком большое смещение по вертикали',2,'Too great value for vertical shift is entered',1),(1486,1,'по горизонтали',2,'horizontally',1),(1487,1,'ширина',2,'width',1),(1488,1,'по вертикали',2,'vertically',1),(1489,1,'высота',2,'height',1),(1490,1,'Смещение по горизонтали',2,'Horizontal shift',1),(1491,1,'Смещение по вертикали',2,'Vertical shift',1),(1492,1,'Обновление версии с 4.1.1400 по 4.1.1495',2,'Version update from 4.1.1400 to 4.1.1495',1),(1493,1,'Демон Dupp Detection Daemon 127.0.0.1:19000 на балансировщике 127.0.0.1:16545 недоступен',2,'',0),(1494,1,'Нестабильная работа FaceDetect, успешных тестов 0 из 42',2,'Unstable performance of FaceDetect, successful tests 0 of 42',1),(1495,1,'при выключенной авторизации пароль будет игнорироваться',2,'if is off, the password will be ignored',1),(1496,1,'Запрещено',2,'Denied',1),(1497,1,'Разрешено',2,'Allowed',1),(1498,1,'Повторить',2,'Repeat',1),(1499,1,'Вы указали неверный логин или пароль',2,'The username or password you entered is incorrect',1),(1500,1,'Детектор взрыва/вспышки',2,'Explosion/flash detector',1),(1501,1,'Настроить детектор взрыва/вспышки',2,'Setup explosion/flash detector',1),(1502,1,'Время покоя',2,'Dwell time',1),(1503,1,'Время, после истечения которого, вещь считается оставленной',2,'Time period to run out for an object to be considered abandoned',1),(1504,1,'Время ожидания',2,'Waiting period',1),(1505,1,'Время ожидания вещи после потери её из зоны видимости',2,'Waiting period for an object after its leaving visibility zone',1),(1506,1,'Минимальная площадь оставленной вещи',2,'Minimum area of abandoned object	',1),(1507,1,'Зависит от размера кадра',2,'Depends on frame size',1),(1508,1,'Максимальная площадь оставленной вещи',2,'Maximum area of abandoned object',1),(1509,1,'Минимальное количество пикселей',2,'Minimum number of pixels',1),(1510,1,'Для того, чтобы утверждать, что обнаружили объект в блоке',2,'To assert that an object is detected in the block',1),(1511,1,'Количество кадров, которое рассматривается для вычисления вспышки',2,'Number of frames considered for flash calculation',1),(1512,1,'Множитель для скачка контрастности вверх',2,'Contrast increase factor',1),(1513,1,'Больше единицы. Например, множитель 1.25 соответствует 25% увеличению контрастности',2,'More than one. For example, factor 1.25 corresponds to 25% of contrast increase',1),(1514,1,'Множитель для скачка контрастности вниз',2,'Contrast decrease factor',1),(1515,1,'Меньше единицы. Например, множитель 0.75 соответствует 25% уменьшению контрастности',2,'Less than one. For example, factor 0.75 corresponds to 25% of contrast decrease',1),(1516,1,'Множитель для скачка яркости вверх',2,'Brightness increase factor',1),(1517,1,'Больше единицы. Например, множитель 1.25 соответствует 25% увеличению яркости',2,'More than one. For example, factor 1.25 corresponds to 25% of brightness increase',1),(1518,1,'Множитель для скачка яркости вниз',2,'Brightness decrease factor',1),(1519,1,'Меньше единицы. Например, множитель 0.75 соответствует 25% уменьшению яркости',2,'Less than one. For example, factor 0.75 corresponds to 25% of brightness decrease',1),(1520,1,'Время обновления записи в журнале (в сек.)',2,'Record updating time in the log (sec.)',1),(1521,1,'Время покоя (в сек.)',2,'Dwell time (sec.)',1),(1522,1,'Время бесхозности предмета с момента его обнаружения',2,'Period of object abandoning since detection',1),(1523,1,'Время латентности (в сек.)',2,'Latency time (sec.)',1),(1524,1,'Ожидание появления предмета после временной потери его из зоны видимости',2,'Waiting period for an object to reappear after temporary absence in visibility zone',1),(1525,1,'Минимальная площадь оставленного предмета',2,'Minimum area of abandoned object',1),(1526,1,'Максимальная площадь оставленного предмета',2,'Maximum area of abandoned object',1),(1527,1,'Чувствительность алгоритма детектора (в %)',2,'Sensitivity of detector algorithm (%)',1),(1528,1,'Минимальное количество пикселей для четкого выделения границ предмета',2,'Minimum number of pixels for reliable determination of object borders',1),(1529,1,'Для того, чтобы считать его дымом',2,'To be considered smoke',1),(1530,1,'Настройки детектора взрыва/вспышки',2,'Explosion/flash detector settings',1),(1531,1,'Коэффициент, указывающий на скорость адаптации алгоритма к изменению кадра',2,'Rate of algorithm adaptation speed to frame change',1),(1532,1,'Количество кадров для вычисления вспышки',2,'Number of frames for flash calculation',1),(1533,1,'Увеличение контрастности изображения',2,'Increase image contrast',1),(1534,1,'Уменьшение контрастности изображения',2,'Decrease image contrast',1),(1535,1,'Увеличение яркости изображения',2,'Increase image brightness',1),(1536,1,'Уменьшение яркости изображения',2,'Decrease image brightness',1),(1537,1,'Настройка вкладки \"Просмотр\"',2,'\"View\" tab setup',1),(1538,1,'Минимальный размер лица',2,'Minimal face size',1),(1539,1,'Уровень \"сигнал/шум\"',2,'\'Signal/noise\' level',1),(1540,1,'Алгоритм распознавания',2,'Recognition algorithm',1),(1541,1,'Качество поиска',2,'Search quality',1),(1542,1,'Идентификация неуверенно детектированных лиц',2,'Identification of unreliably detected faces',1),(1543,1,'Идентификация лиц с неуверенно детектированными глазами',2,'Identification of faces with unreliably detected eyes',1),(1544,1,'Минимальное расстояние между глазами',2,'Minimal distance between the eyes',1),(1545,1,'Обучение неуверенно детектированных лиц',2,'Training of unreliably detected faces',1),(1546,1,'Обучение лиц с неуверенно детектированными глазами',2,'Training of faces with unreliably detected eyes',1),(1547,1,'Установлено некорректное значение',2,'The value you entered is incorrect',1),(1548,1,'Загрузка файлов с диска',2,'Upload files from disk',1),(1549,1,'Обучение с камеры',2,'Training from camera',1),(1550,1,'Тестирование выполнено успешно',2,'Testing is successfully completed',1),(1551,1,'Обновление версии с 4.1.1400 по 4.1.1539',2,'Version update from 4.1.1400 to 4.1.1539',1),(1552,2,'{% trans \"Настройк',1,'',0),(1553,2,'аспознавания',1,'',0),(1554,1,'Просмотреть запись',2,'View record',1),(1555,1,'Пользователи WEB API',2,'WEB API Users',1),(1556,1,'Обновление версии с 4.1.1400 по 4.1.1559',2,'Version update from 4.1.1400 to 4.1.1559',1),(1557,1,'Обновление версии с 4.1.1400 по 4.1.1558',2,'Version update from 4.1.1400 to 4.1.1558',1),(1558,1,'Санкт-Петербург',2,'Saint Petersburg',1),(1559,1,'<option value=\"2\" >Sankt-Peterburg</option> <option value=\"3\" >Vologda</option> <option value=\"1\" selected=\"selected\">Moscow</option> <option value=\"4\" >Санкт-Петербург</option>',2,'',0),(1560,1,'Частота ключевых кадров',2,'Frequency of key frames',1),(1561,1,'simple',2,'simple',1),(1562,1,'Имеются ошибки при запуске задач.',2,'There are tasks start errors.',1),(1563,1,'Последняя попытка запуска',2,'Latest start attempt',1),(1564,1,'Причина',2,'Cause',1),(1565,1,'Ошибка запуска',2,'Start error',1),(1566,1,'Некорректный период',2,'Incorrect period',1),(1567,1,'Некорректное значение',2,'Incorrect value',1),(1568,1,'Введите название задачи',2,'Enter task name',1),(1569,1,'Настройки задач',2,'Task settings',1),(1570,1,'Расстояние между ключевыми кадрами',2,'Distance between key frames',1),(1571,2,'{% trans \"Настройк',2,'',0),(1572,2,'аспознавания',2,'',0),(1573,1,'Всего пользователей:',2,'Total users:',1),(1574,1,'IP-адреса',2,'IP addresses',1),(1575,1,'Статистика',2,'Statistics',1),(1576,1,'Посмотреть настройки',2,'View settings',1),(1577,1,'Отступ по горизонтали',2,'Horizontal indent',1),(1578,1,'Отступ по вертикали',2,'Vertical indent',1),(1579,1,'Экспортировать настройки управляющей системы',2,'Export control system settings',1),(1580,1,'Детектор взрыва',2,'Explosion detector',1),(1581,1,'Статистика пользователя',2,'User statistics',1),(1582,1,'Настройки пользователя',2,'User settings',1),(1583,1,'IP адреса',2,'IP addresses',1),(1584,1,'Ограничения',2,'Restrictions',1),(1585,1,'Ключ доступа',2,'Pass key',1),(1586,1,'Разрешённые IP адреса',2,'Allowed IP addresses',1),(1587,1,'Добавление IP адресов',2,'IP address adding',1),(1588,1,'IP адрес',2,'IP address',1),(1589,1,'Добавить ещё IP адрес',2,'Add one more IP address',1),(1590,1,'Распознавание лиц',2,'Face recognition',1),(1591,1,'Фоторедактор',2,'Photo editor',1),(1592,1,'В секунду',2,'Per second',1),(1593,1,'В минуту',2,'Per minute',1),(1594,1,'Генерация ключа доступа',2,'Pass key generation',1),(1595,1,'Вы можете сгенерировать новый ключ доступа',2,'You can generate a new pass key',1),(1596,1,'Сгенерировать',2,'Generate',1),(1597,1,'Не выбран файл',2,'No file selected',1),(1598,1,'Камера Ip5 URL недоступна',2,'',0),(1599,1,'Камера Ip4 URL недоступна',2,'',0),(1600,1,'Камера Ip3 URL недоступна',2,'',0),(1601,1,'Камера 1_1280.avi VIDEO недоступна',2,'',0),(1602,1,'Камера Ip2 URL недоступна',2,'',0),(1603,1,'Камера Ip0 URL недоступна',2,'',0),(1604,1,'Камера 192.168.0.15 URL недоступна',2,'',0),(1605,1,'Камера 192.168.0.13 AV1300 недоступна',2,'',0),(1606,1,'Обучение \"шумящих\" фотографий',2,'\"Noisy\" photos training',1),(1607,1,'Выбор списка',2,'List selection',1),(1608,1,'ОСТ. ВЕЩЬ',2,'ABAND. OBJECT',1),(1609,1,'ОГОНЬ',2,'FIRE',1),(1610,1,'ДЫМ',2,'SMOKE',1),(1611,1,'ВЗРЫВ',2,'EXPLOSION',1),(1612,1,'Загрузка файлов с компьютера',2,'Upload files from PC',1),(1613,1,'Выберите список для обучения персоны из журнала или найдите персону для дообучения',2,'Select a list to train a person from the log or search for a perton to train additionally',1),(1614,1,'Список',2,'List',1),(1615,1,'123',2,'',0),(1616,1,'1234',2,'',0),(1617,1,'Наименование базы может содержать только латинские буквы, цифры и знак подчёркивания.',2,'Base name can contain only latin characters, numbers and underscore.',1),(1618,1,'Введите ФИО пользователя.',2,'Enter user\'s full name.',1),(1619,1,'ФИО пользователя',2,'User\'s full name',1),(1620,1,'Наименование базы',2,'Base name',1),(1621,1,'Перезапуск',2,'Restart',1),(1622,1,'Минимальная площадь огня',2,'Minimal fire area',1),(1623,1,'Количество кадров для вычисления дыма',2,'Number of frames to determine smoke',1),(1624,1,'Процент изменения интенсивности пикселя',2,'Percent of pixel intensity variation',1),(1625,1,'Минимальная общая площадь дыма',2,'Minimal total smoke area',1),(1626,1,'Количество блоков по горизонтали',2,'Number of blocks horizontally',1),(1627,1,'Количество блоков по вертикали',2,'Number of blocks vertically',1),(1628,1,'Количество блоков по ширине',2,'Number of blocks horizontally',1),(1629,1,'Количество блоков по высоте',2,'Number of blocks vertically',1),(1630,1,'Коммуникатор 192.168.0.125:12600 недоступен',2,'',0),(1631,1,'Камера Ip27 URL недоступна',2,'',0),(1632,1,'Камера Ip19 URL недоступна',2,'',0),(1633,1,'Камера Ip18 URL недоступна',2,'',0),(1634,1,'Камера Ip10 URL недоступна',2,'',0),(1635,1,'Камера Ip9 URL недоступна',2,'',0),(1636,1,'Камера Ip8 URL недоступна',2,'',0),(1637,1,'Включение/Выключение демона',2,'Daemon On/Off',1),(1638,1,'Включение/Выключение балансировщика',2,'Balancer On/Off',1),(1639,1,'Кол-во лиц',2,'Number of faces',1),(1640,1,'<option value=\"2\" >Sankt-Peterburg</option> <option value=\"3\" >Vologda</option> <option value=\"1\" selected=\"selected\">Moscow</option> <option value=\"4\" >Saint Petersburg</option>',2,'',0),(1641,1,'Загрузите файл с настройками управляющей системы или введите настройки вручную и нажмите на кнопку',2,'Load a file with the control system settings or enter the settings manually and press the button',1),(1642,1,'Ошибка подключения',2,'Connection error',1),(1643,1,'Редактирование задачи',2,'Task Editing',1),(1644,1,'Создать дубликат балансировщика',2,'Duplicate balancer',1),(1645,1,'Создать дубликат демона',2,'Duplicate daemon',1),(1646,1,'Создать дубликат группы',2,'Duplicate group',1),(1647,1,'Создать дубликат балансировщиков',2,'Duplicate balancer',1),(1648,1,'Создать дубликат настройки/Группы настроек',2,'Duplicate setting/Group of settings',1),(1649,1,'Создать дубликат параметра',2,'Duplicate parameter',1),(1650,1,'Добавьте камеры.',2,'Add cameras.',1),(1651,1,'Level1',2,'',0),(1653,1,'Level2',2,'',0),(1654,1,'Обучить выделенные изображения {} как шум?',2,'Train the selected imeges {} as noise?',1),(1655,1,'Создание дубликата задачи',2,'Task duplication',1),(1657,1,'Оповещения по SMTP',2,'Alerts via SMTP',1),(1658,1,'Время (в мс)',2,'Time (msec)',1),(1659,1,'минимальное время между последовательными оповещениями об идентификации одной персоны',2,'minimal time between successive identification alerts of one person ',1),(1660,1,'Оповещения по SNMP',2,'Alerts via SNMP',1),(1661,1,'Время ожидания ответа (в мс)',2,'Response waiting time (msec)',1),(1662,1,'Для изменения последовательности параметров перетащите их мышкой. Значения данных параметров - целые уникальные числа.',2,'To change parameters flow, drag them with your mouse. The values of these parameters are whole unique numbers.',1),(1663,1,'Номер фотографии персоны в базе',2,'Person\'s photo No in the database',1),(1667,1,'Произошла ошибка. Попробуйте ещё раз.',2,'An error occured. Try again.',1),(1666,1,'Посмотреть статистику',2,'View statistics',1),(1668,1,'Ошибка переданных данных. Пожалуйста, попробуйте ещё раз.',2,'Data transmission error. Please, try again.',1),(1669,1,'Некорректный логин пользователя',2,'Incorrect username',1),(1670,1,'Произошла ошибка при получении IP адресов. Попробуйте ещё раз',2,'An error occured while receiving IP addresses. Please, try again',1),(1671,1,'Пожалуйста, выберите сначала хотя бы один IP адрес.',2,'Please, select at least one IP address.',1),(1674,1,'Произошла ошибка при удалении IP адресов. Пожалуйста, повторите запрос позже.',2,'An error occured while deleting IP addresses. Please, try later.',1),(1675,1,'Удаление IP адресов',2,'IP addresses deleting',1),(1676,1,'Идет процесс обработки данных',2,'Data processing...',1),(1677,1,'Псевдоним камеры',2,'Camera name',1),(1678,1,'Информация о камере',2,'Camera information',1),(1679,1,'Количество кадров в секунду',2,'Frames per second',1),(1680,1,'Задержка',2,'Delay',1),(1681,1,'Количество лиц в секунду',2,'Faces per second',1),(1682,1,'Время снимка',2,'Shot time',1),(1683,1,'Отразить зеркально',2,'Mirror',1),(1684,1,'Температура карточек',2,'Cards temperature',1),(1685,1,'Загрузка...',2,'Loading...',1),(1686,1,'15_',2,'',0),(1687,1,'Порог маски определения огня',2,'Mask threshold of flame detection',1),(1688,1,'Цветовая маска',2,'Colour mask',1),(1689,1,'Динамика',2,'Dynamics',1),(1690,1,'Наибольший зазор (в процентах)',2,'Maximum distance (percent)',1),(1697,1,'Наибольший зазор между прямоугольниками с огнём, при котором они сливаются в один в ответе, в процентах от ширины изображения',2,'Maximum distance between the rectangles of flame which makes them join into one in the response; image width percent',1),(1692,1,'Интервал наблюдения за результатами детектирования (в кадрах)',2,'Observation interval of detection results (frames)',1),(1693,1,'Если в течение этого интервала будет мало срабатываний, то они не будут засчитаны',2,'If there are few detections within the interval, these detections will be taken',1),(1694,1,'Пороговый процент кадров',2,'Threshold percentage of frames',1),(1696,1,'Пороговый процент кадров, на которых обнаружен огонь, при превышении которого сообщаем клиенту о наличии огня',2,'Threshold percentage of frames with detected flame; if exceeded, the user receives a message of flame detection',1);
/*!40000 ALTER TABLE `videoclient_translation` ENABLE KEYS */;
UNLOCK TABLES;
/*!40103 SET TIME_ZONE=@OLD_TIME_ZONE */;

/*!40101 SET SQL_MODE=@OLD_SQL_MODE */;
/*!40014 SET FOREIGN_KEY_CHECKS=@OLD_FOREIGN_KEY_CHECKS */;
/*!40014 SET UNIQUE_CHECKS=@OLD_UNIQUE_CHECKS */;
/*!40101 SET CHARACTER_SET_CLIENT=@OLD_CHARACTER_SET_CLIENT */;
/*!40101 SET CHARACTER_SET_RESULTS=@OLD_CHARACTER_SET_RESULTS */;
/*!40101 SET COLLATION_CONNECTION=@OLD_COLLATION_CONNECTION */;
/*!40111 SET SQL_NOTES=@OLD_SQL_NOTES */;

-- Dump completed on 2012-02-01 17:41:45
